"","GSPC","IDXX","SGEN","NTAP","TSCO","FFIV","SNPS","WYNN","VRSN","LULU","STLD","ANSS","SBNY","OTEX","ALGN","SEIC","TRMB","ODFL","BBBY","JKHY","AGNC","SRCL","JBLU","CPRT","MKTX","CSGP","BEAV","LAMR","ULTI","SPLS","FTNT","DXCM","UTHR","OZRK","IPGP","BRCD","WOOF","ARCC","CGNX","FLIR","PDCO","EXEL","CASY","NBIX","URBN","TTWO","COLM","ATHN","VSAT","POOL","ALNY"
"1",15.8145,26.245001,10.32,27.128382,11.875781,49.43,21.27,44.080059,19.45405,14.12,12.716255,41.860001,34.580002,18.690912,18.75,16.133505,11.445,12.222222,38.475529,19.948492,9.113455,52.91,4.94,16.879999,12.517636,40.380001,15.742521,25.020235,29.9,18.769438,8.615,9.06,59.57,6.668156,14.4,6.582261,25.389999,6.483563,7.600516,27.407785,25.455765,6.63,28.581255,2.35,31.57,9.28,18.219809,39.34,27.33,16.338322,16.9
"2",17.5262,26.4,10.2,27.947916,12.875822,55.799999,21.9,45.283924,21.160845,14.325,13.679608,43.860001,37.23,23.062557,18.1,16.042408,13.435,13.662222,41.368649,20.598019,8.645659,55.18,5.28,17.84,13.78719,39.349998,18.177954,26.314989,30.92,20.609579,8.59,9.04,57.41,6.913457,15.82,5.576239,23.82,6.889445,8.775184,24.8412,26.454031,6.47,28.329725,2.62,32.200001,9.62,20.266136,36.84,30.379999,17.779936,17.42
"3",17.7793,28.775,11.94,30.304071,13.692554,61.630001,22.370001,54.017303,22.094912,20.74,14.698194,43.189999,37.049999,22.507805,19.34,20.014292,14.36,14.84,43.506176,21.948111,9.206582,54.5,5.58,17.799999,14.516232,41.52,21.308207,30.050526,32.950001,18.799759,8.79,9.74,55.330002,7.919419,14.79,5.470846,28.030001,8.009744,8.607074,26.110596,27.764513,6.07,29.252001,2.55,38.07,9.87,23.223825,36.560001,34.610001,20.272892,17.02
"4",16.1475,33.07,12.6,32.287708,15.843736,68.43,22.66,62.857533,23.164843,18.809999,13.225851,44.959999,40.380001,19.980595,17,20.460674,16.35,15.946667,45.693417,23.279959,9.893479,58.900002,5.59,17.844999,14.553146,43.950001,20.887094,32.561302,33.450001,18.904158,8.89,10.95,56.889999,8.692636,17.51,6.227758,28.459999,8.571832,9.733582,28.343616,28.578222,5.8,36.066204,3.21,37.560001,10.85,24.563408,29.02,35.419998,21.965286,16.959999
"5",15.3198,31.620001,13.23,35.090885,16.015034,70.330002,21.42,59.946377,23.699806,20.43,12.342444,43.73,37.84,20.198704,14.92,19.212629,14.365,15.84,44.609737,22.011806,9.443939,58.619999,6.2,17.950001,13.684351,40.77,19.034204,25.78134,34.209999,17.281965,8.16,10.53,51.220001,7.974087,16.82,5.221735,26.059999,7.317945,8.886374,26.397829,26.593128,5.18,34.423008,4,36.299999,11.57,22.702841,24.76,32.130001,21.590197,15.8
"6",15.3499,30.450001,11.99,34.746311,14.410222,68.57,20.870001,54.507751,22.54496,18.610001,11.156691,40.57,38.009998,17.799515,14.87,18.634485,14,15.617778,36.864925,21.865305,9.983964,65.580002,5.49,17.905001,12.78504,38.799999,17.848076,21.450916,32.860001,15.364556,8.22,11.56,48.810001,8.014759,15.23,4.943882,24.76,6.952316,8.209798,26.95377,25.511162,3.47,32.583755,5.6,34.389999,9,20.702257,26.129999,32.560001,19.727266,15.02
"7",16.4617,29.370001,12.18,39.393429,16.428646,87.830002,21.84,62.662121,23.903603,20.74,12.112495,44.950001,38.439999,18.728846,17.35,17.554489,14.185,17.524445,37.660286,23.257067,10.399648,63,6.43,18.219999,13.183703,43.830002,20.634428,23.926695,32.259998,16.396925,9.005,11.16,48.889999,8.495693,16.110001,4.742677,20.84,7.7735,8.709484,27.574568,23.941515,3.12,35.805996,5.68,32.16,10.25,21.740253,27.77,36.139999,19.916258,15.35
"8",16.8272,27.635,11.45,37.605362,16.100086,87.43,22.860001,57.763435,24.701805,16.434999,11.562696,38.779999,36.540001,20.862511,15.99,16.199921,14.065,15.493333,35.761364,21.544834,10.293837,65.5,5.71,16.525,14.241485,41.27,18.914888,22.929382,32.919998,14.332188,10.19,12.23,46.220001,8.334626,21.66,4.809745,19.76,8.283965,9.106431,23.256775,22.676241,2.97,35.216248,5.38,30.32,8.3,20.749384,26.940001,34.950001,16.709372,13.67
"9",16.8272,30.860001,15.53,46.368767,18.785801,103.809998,24.77,62.177559,26.952055,22.360001,11.997573,42.25,38.84,22.303921,19.58,18.616179,17.52,16.946667,43.158207,23.440193,10.545022,69.480003,6.69,16.485001,15.815593,48.709999,21.273109,27.837198,38.639999,16.949789,12.5,13.22,56.009998,8.414025,24.139999,5.614563,21.09,8.879033,12.563501,23.812716,25.709311,3.92,39.082363,6.06,31.440001,10.14,26.015745,33.02,41.110001,18.176535,12.27
"10",17.3661,29.98,16.41,49.591019,18.747908,117.699997,25.58,76.788612,29.507999,22.16,12.363197,45.25,42.240002,20.971565,17.02,20.272781,17.92,18.700001,43.645367,24.966103,11.366558,71.739998,6.98,16.93,16.923988,49.66,25.800051,29.735588,41.380001,16.625702,15,13.79,60,8.659808,22.5,6.08404,20.67,9.497445,12.507289,25.795563,24.898918,4.47,38.937553,8.14,30.790001,10.67,23.260143,39.970001,41.169998,18.239931,13.14
"11",17.4816,32.105,15.1,47.430435,20.150923,131.880005,25.690001,78.187286,29.134375,26.809999,13.57911,48.5,43.900002,20.193962,17.49,20.666338,18.620001,19.253334,43.486298,25.217772,11.632465,73.900002,6.8,17.74,17.005972,52.740002,24.915722,32.150127,43.869999,17.832928,15.935,11.28,62.93,8.632468,28.66,4.77142,21.85,9.338587,13.120943,24.8412,26.771965,5.79,37.322205,7.28,37.790001,11.07,25.578636,41.009998,41.360001,19.308386,9.15
"12",17.3584,34.610001,14.95,51.183517,23.007257,130.160004,26.91,80.306305,30.188847,34.209999,15.62499,52.07,50.060001,21.839256,19.540001,21.864553,19.965,21.326666,48.864918,26.887272,11.973116,80.919998,6.61,18.674999,19.455429,57.560001,25.989552,34.853363,48.630001,18.522852,16.174999,13.65,63.220001,9.876419,31.620001,5.068437,23.290001,9.544147,13.820914,27.565302,27.582418,8.21,39.923672,7.64,35.810001,12.27,27.720915,40.98,44.41,20.538511,9.86
"13",18.153,35.849998,16.389999,50.969322,24.345274,108.379997,27.129999,89.965652,31.094423,34.34,15.53961,52.450001,52.240002,23.418169,20.83,21.276352,23.040001,21.446667,47.721584,27.265446,11.952287,78.489998,6,19.625,18.819691,56.279999,27.154627,32.228863,48.599998,18.148653,19.225,14.11,67.980003,9.86529,34.650002,5.403778,22.92,9.72368,14.722891,28.760571,29.866648,8.67,40.030308,7.38,33.82,12.48,28.033524,42.939999,43.400002,22.215122,10.33
"14",18.667,38.849998,14.85,48.110275,24.738565,118.010002,27.719999,95.069862,32.609871,38.794998,15.761602,56.32,51.889999,27.936798,20.85,21.147682,24.575001,20.513334,47.870716,29.529715,12.268904,86.419998,5.7,21.004999,20.081699,56.669998,23.666428,33.91729,53.439999,17.327042,20.42,14.63,67.43,9.846991,56.919998,6.103202,25.040001,10.325979,13.111547,29.983879,30.155737,12.45,38.692505,6.75,38.380001,16.07,28.956213,45.34,41.610001,22.74362,10.98
"15",18.6047,38.610001,15.57,44.841457,28.439611,102.57,27.65,98.341202,33.459999,44.525002,16.112223,54.189999,56.400002,29.548903,20.48,21.947269,25.27,23.393333,47.990021,31.362019,12.720407,88.669998,6.27,21.665001,22.71044,62.68,24.936773,32.316345,58.75,15.877695,22.075001,15.52,67.019997,9.997955,57.68,5.892417,25.17,10.015743,13.310888,32.128239,29.080681,11.33,36.742336,7.59,29.83,15.37,27.402103,45.130001,39.84,22.084026,9.56
"16",18.9392,40.715,16.610001,48.529354,29.394566,101.360001,27.389999,114.192627,34.17152,50.025002,15.614348,55.290001,58.209999,29.017857,24.139999,20.53191,23.42,24.946667,55.804428,31.436052,12.707312,91.279999,5.66,22.690001,22.860653,68.010002,27.084442,28.449583,56,17.283958,24.35,16.65,66.959999,10.226634,69.459999,5.988229,24.6,10.464826,14.738569,32.694496,31.470675,12.26,36.896477,7.69,31.469999,16.18,31.35424,46.209999,39.919998,27.717239,10.26
"17",18.1287,39.360001,19.370001,51.006577,30.066374,113.580002,27.34,113.703735,35.02,45.400002,14.678689,57.369999,56.919998,30.938156,24.5,21.726694,21.844999,24.886667,53.577419,29.007944,13.257337,89.089996,6.07,23.5,22.586447,63.099998,26.263279,25.405163,56.380001,13.751947,24.245001,15.77,64.57,11.163635,75.150002,6.390638,24.450001,9.938926,16.628008,33.613724,31.361876,11.63,39.184193,8.25,30.459999,16.389999,30.35117,44.77,44.27,27.827454,10.47
"18",18.9392,38.779999,20.52,49.153313,31.837223,110.25,25.709999,111.391159,33.459999,55.91,14.038464,54.669998,57.200001,30.354952,22.799999,20.802607,19.82,24.866667,58.031437,27.865828,13.333729,89.120003,6.1,23.299999,23.623386,59.279999,28.642553,23.944191,54.43,13.002104,27.290001,14.49,55.099998,11.955953,72.709999,6.189433,21.200001,9.699523,16.736658,31.34491,29.820528,8.96,41.594803,8.05,28.15,15.28,29.333296,41.099998,43.27,27.431759,9.37
"19",17.582,41.470001,17.030001,44.254745,31.38023,93.480003,23.969999,119.623428,31.209999,60.540001,13.494203,50.599998,59.16,32.033436,21.99,18.279678,17.790001,24.700001,58.150742,26.881563,12.788653,82.120003,4.79,21.725,24.632048,58.759998,27.933687,22.273258,54.380001,13.216062,20.32,14.18,57.380001,11.9743,60.189999,5.250479,19.540001,9.741773,16.037525,25.533409,28.061382,7.7,42.682728,7.73,32.540001,13.49,26.557274,58.790001,44.93,24.615885,9.38
"20",16.4284,39.889999,17.389999,35.035007,29.276606,81.57,25.879999,120.432961,31.15,54.73,10.997516,53.98,55.619999,27.974731,19.1,15.8122,18.57,21.413334,56.530193,27.150843,13.058901,87.709999,4.35,21.52,27.897253,51.18,24.445486,18.292767,50.59,12.12981,19.129999,12.03,43.150002,10.473766,57.98,3.707911,18.51,9.174409,15.154523,24.11566,26.587341,7.48,42.682728,6.14,26.18,13.22,24.476233,57.990002,35.5,24.003942,6.98
"21",14.9407,34.485001,19.040001,31.59856,29.829985,71.050003,24.360001,89.577461,28.610001,48.689999,8.649074,49.040001,47.720001,24.712591,15.17,14.213421,16.775,19.313334,56.977585,27.009418,13.041337,80.720001,4.09,19.559999,24.623016,51.970001,23.238297,14.898414,46.720001,11.022819,16.799999,12,37.490002,9.648589,43.439999,4.139064,15.98,8.520267,12.833986,23.351265,26.050497,5.46,41.402248,5.98,22.309999,12.72,21.554323,59.549999,33.310001,24.235373,6.57
"22",15.856,35.994999,22,38.145504,33.841984,103.949997,26.809999,103.746399,32.09,56.48,10.889811,54.360001,55.709999,28.93251,23.030001,14.961982,20.205,24.366667,61.481308,30.206184,13.238641,83.580002,4.48,21.775,27.660675,61.529999,26.480848,19.675003,60.18,12.398599,23.059999,9.79,43.73,11.515453,52.860001,4.196551,20.32,9.572152,16.049587,24.516497,28.755911,7.73,47.139057,6.26,27.25,15.78,24.963993,52.91,42.59,27.049562,8.12
"23",14.7436,37.595001,16.629999,34.299294,34.513653,113.029999,27.969999,98.217468,33.580002,49.700001,11.49141,61.970001,58.43,27.035917,24.5,15.525712,21.540001,25.873333,60.159023,31.054518,13.806493,81.019997,4.12,22.465,27.471947,66.540001,27.337111,21.249704,66.32,11.942768,23.99,8.02,40.91,13.126783,38.330002,5.154667,19.66,9.62784,16.944695,25.096798,27.568027,4.61,50.782703,6.54,26.98,13.95,23.697626,59.400002,47.32,28.374113,7.1
"24",14.0342,38.48,16.719999,33.777771,33.519764,106.120003,27.200001,90.013672,35.720001,46.66,11.551653,57.279999,59.990002,24.247927,23.73,16.174316,21.700001,27.02,57.633759,31.428558,14.199376,77.919998,5.2,23.945,28.582596,66.730003,27.168663,24.057919,65.120003,11.593214,21.809999,9.31,47.25,13.719456,33.869999,4.972625,19.75,9.788754,17.001699,23.424301,26.974087,4.74,49.003689,8.5,27.559999,13.55,21.71505,49.119999,46.119999,28.001995,8.15
"25",16.4752,42.294998,18.93,35.146763,38.594315,119.739998,29.17,93.875244,37.040001,63.130001,14.011321,60.490002,58.150002,24.034561,23.559999,17.1252,23.415001,28.413334,60.347923,31.980265,14.83147,84.019997,5.92,23.52,29.484404,56.669998,29.618128,25.002739,66.690002,12.210851,22.809999,10.97,49.18,13.006621,52.790001,5.375034,22.379999,10.042184,19.737932,24.059664,29.533627,5.32,48.601299,9.3,26.5,15.6,21.388508,58.18,47.529999,31.639462,11.56
"26",17.3814,42.875,18.459999,40.04533,40.898773,124.959999,30.469999,97.010544,36.950001,67.019997,13.009885,63.18,59.360001,28.979923,25.610001,18.411686,25.145,29.006666,59.39349,31.655825,15.529304,86.769997,5.1,24.889999,31.544262,59.98,32.172867,28.607054,69.82,12.23589,27.049999,10.79,47.73,13.638597,52.630001,5.537914,21.99,10.561716,20.303568,24.520916,29.285908,5.68,48.877983,7.87,28.389999,15.45,23.395405,70.669998,46.130001,33.862877,13.34
"27",17.7325,43.724998,20.379999,41.693707,43.334419,134.960007,30.66,102.199059,38.349998,74.730003,12.860608,65.019997,63.040001,28.99889,27.549999,19.287989,27.209999,31.780001,65.388512,32.012348,15.561729,83.639999,4.89,26.07,35.515869,69.050003,32.615028,28.35335,73.279999,13.602118,27.65,10.43,47.130001,14.526152,52.049999,5.509171,23.209999,10.597331,20.170242,23.715109,30.643778,5.18,52.91378,7.97,29.110001,15.39,22.233366,74.120003,48.209999,34.951107,11.07
"28",17.8405,43.965,19.77,36.161865,47.090775,133.929993,30.01,109.171638,41.110001,74.139999,11.30389,67.07,65.690002,26.547546,31.709999,18.831194,27.07,29.646667,69.981712,31.862232,16.457293,86.599998,4.75,26.41,32.677647,72.889999,33.008064,27.837198,77.160004,12.938395,26.120001,9.78,43.75,14.415712,48.400002,5.307966,23.66,10.396403,19.165539,21.044699,31.410051,4.8,53.907337,7.43,28.959999,14.11,22.069368,72.449997,48.299999,34.474758,11.39
"29",17.0063,42.419998,19.48,27.715094,43.801659,103.480003,29.549999,84.728928,38.23,72.639999,9.322614,61.880001,61.41,22.925055,31.23,16.696369,23.584999,29.040001,71.830925,31.078859,17.210619,87.260002,5.23,27.110001,30.857239,73.889999,30.404196,21.52965,80.330002,11.039643,21.25,10.76,44.240002,13.547971,42.799999,4.455242,21.540001,9.780656,16.711054,20.052557,30.626875,4.63,54.175201,6.69,27.969999,11.52,22.639378,72.690002,42.02,34.684654,10.24
"30",16.106,48.064999,25.389999,29.633545,39.82666,99.559998,29.43,85.288086,43.57,59.630001,10.458385,63.110001,60.970001,23.659985,33.459999,18.696716,23.004999,28.860001,61.44154,32.500523,18.389755,91.669998,5.3,23.690001,25.457937,81.199997,30.642828,25.020235,88.93,11.057666,23.219999,12.96,49.380001,14.033159,43.59,4.723515,21.98,10.597023,15.115886,18.332155,31.76018,5.53,56.432903,7.9,27.59,9.46,25.242741,79.169998,37.77,37.958912,11.65
"31",17.6618,44.084999,26.16,30.425137,43.571503,93.379997,30.290001,77.506088,44.419998,56.48,11.502439,59.959999,64.5,21.336658,33.959999,19.909325,22.129999,28.266666,60.596474,32.698238,19.226894,92.849998,5.51,23.76,28.879086,82.529999,27.533627,26.551193,89.470001,10.794992,24.01,11.01,54.779999,15.082827,51.830002,4.761839,18.200001,11.041884,16.142715,19.22526,31.545954,6.25,57.015137,7.6,30.549999,8.78,23.816303,91.5,38.299999,34.581451,18.690001
"32",18.7908,47.529999,26.540001,32.148018,45.883816,97.489998,33.029999,85.2939,47.68,65.190002,10.904563,69.699997,64.629997,25.509161,33.950001,20.445127,24.514999,29.853333,66.780388,34.797779,19.06275,91.519997,4.9,26.709999,31.229418,81.25,28.256536,28.974482,99.190002,9.252851,26.51,13.3,54.119999,15.040656,61.490002,5.557076,19.34,11.466829,17.288311,18.676922,31.425694,4.43,54.252163,7.38,37.540001,10.25,24.718739,88.370003,38.700001,37.113323,18.290001
"33",18.5901,49.674999,26.940001,30.620708,47.522518,104.639999,32.990002,95.437897,48.689999,73.940002,10.11961,73.400002,67.080002,26.14452,36.970001,20.153727,23.83,30.15,62.634583,35.74498,19.60467,90.480003,4.8,27.73,30.308931,81.540001,29.554962,32.412579,102.099998,9.853101,24.120001,15.03,55.880001,16.151136,57.299999,5.67205,19.719999,11.6642,16.564972,18.846712,31.675472,4.83,54.818188,7.98,37.560001,10.44,25.475098,91.769997,37.380001,39.176746,18.790001
"34",18.7035,48.099998,25.16,25.060926,46.22501,82.589996,32.200001,100.084129,37.07,68.839996,11.38006,70.25,71.239998,25.580284,26.57,20.539129,23.584999,33.580002,57.34544,35.886639,18.698095,94.760002,5.29,28.790001,29.954161,82.900002,31.646473,34.337212,101.360001,9.853101,19.370001,13.1,45.669998,15.404739,53.150002,5.078018,19.58,11.868359,17.465551,18.327909,31.02017,4.74,49.613029,7.33,35.75,11.15,26.661636,64.290001,38.84,39.629005,16.17
"35",18.001,46.735001,25.309999,29.531101,43.16647,93.68,32.860001,99.515038,34.150002,71.779999,11.63215,66.330002,70.160004,27.220835,27.389999,20.689529,27.82,33.439999,58.379406,36.817917,17.876513,93.470001,5.14,30.15,29.693195,86.860001,33.239681,34.35471,94.510002,10.007055,19.98,13.08,52.549999,14.953042,59.099998,5.442102,20.780001,12.072515,17.212946,19.314159,31.670292,4.88,47.543816,7.48,37.700001,12.37,27.480745,63.689999,38.23,39.62244,16.969999
"36",18.0349,46.400002,23.17,31.244669,42.559578,97.150002,31.84,99.594711,38.82,76.230003,12.453383,67.339996,71.339996,26.50013,27.75,22.405714,29.889999,34.279999,55.585705,37.187325,17.059572,93.279999,5.72,29.5,33.965321,89.370003,34.671455,33.899796,94.410004,9.843246,21.02,13.59,53.419998,15.748217,66.650002,5.106761,21.049999,12.209011,18.204191,21.131962,31.924086,4.57,51.10479,7.48,39.360001,11.01,25.325951,73.290001,38.900002,40.029163,18.25
"37",19.9491,47.605,29.450001,33.526321,49.933807,104.879997,33.439999,110.865417,43.41,69,13.795774,73.599998,73.93,27.666534,31.360001,25.880806,31.25,37.279999,58.359524,39.290127,18.66518,94.349998,5.81,35.91,36.380421,93.779999,36.138329,37.302895,101.540001,11.64784,23.59,15.23,53.889999,17.163557,65.480003,5.480427,21.6,12.49505,19.624306,22.504784,33.696095,4.66,52.833584,9.06,42.799999,12.17,24.248552,86.470001,38.41,43.339706,24.129999
"38",20.4111,46.060001,28.139999,31.514744,50.186771,94.43,35.029999,104.339951,45.810001,67.050003,13.850195,75.800003,74.269997,26.059172,31.440001,27.138369,29.715,35.98,56.420834,41.535973,18.718306,95.919998,6.05,34.139999,37.71286,100.739998,36.924397,40.452297,98.269997,11.371539,24.18,14.92,59.810001,18.141766,59.290001,5.375034,21.959999,12.920622,20.381371,25.011892,33.891945,4.56,54.629135,10.58,40.52,14.64,26.466244,93.790001,46.959999,43.245121,23.690001
"39",20.7532,46.195,35.509998,31.812756,50.254333,89.080002,35.880001,111.712479,47.27,62.349998,14.504329,81.419998,78.760002,27.984213,33.509998,27.695152,29.959999,38.200001,64.046341,43.901581,20.108862,106.18,6.9,34.27,36.013557,109.459999,42.307598,42.499409,104.160004,11.691556,23.68,16.719999,60.869999,20.958252,66.410004,5.528333,23.49,12.893009,20.856392,24.707912,35.477425,4.62,56.279881,12.16,38.740002,16.15,27.586283,97.040001,48.439999,45.553196,24.370001
"40",20.8012,43.98,36.950001,32.492596,51.721474,76.43,35.57,122.548126,46.07,76.129997,13.737098,80.860001,71.610001,31.004536,33.119999,27.512756,28.74,38.5,68.40094,44.082092,20.433992,108.32,6.89,35.25,40.860424,108.410004,44.034157,40.959702,96.589996,11.526027,17.959999,16.41,66.779999,19.421562,63.57,5.576239,24.1,12.935748,19.644098,23.093016,35.548935,5.19,56.062473,11.54,41.439999,15.26,27.929441,96.260002,48.470001,46.521202,23.950001
"41",21.3802,41.220001,34.32,34.951191,54.165363,83.209999,36.439999,122.17057,47.040001,77.809998,14.020243,74.5,77.18,32.365719,35.75,29.384701,27.9,43.060001,67.854126,44.772243,15.826988,109.760002,6.21,34.389999,41.990948,111.809998,44.525452,40.880966,111.300003,13.07677,19.26,20.83,66.489998,20.712221,59.299999,5.202573,25.559999,12.216304,22.231974,23.224833,36.607441,4.84,58.821548,12.93,41.93,16.639999,28.807625,84.550003,70.059998,49.006672,30.629999
"42",20.7752,44.845001,31.459999,35.184013,56.859604,68.800003,35.75,115.050171,44.66,65.5,13.72297,73.099998,83.019997,32.608604,37.040001,27.482021,25.99,41.619999,70.538467,44.963051,14.784294,110.43,6.29,30.799999,45.273911,129.070007,44.272785,37.959023,117.290001,13.931615,17.5,22.450001,65.82,20.560379,60.73,5.518752,26.09,12.534772,22.375469,25.713205,35.221077,4.54,58.240692,13.38,40.220001,14.97,29.97007,84.730003,71.459999,49.921082,31
"43",20.8149,48.994999,40.52,38.444176,58.600945,87.800003,37.040001,119.689224,47.84,69.57,14.321221,79.839996,91.550003,33.589672,43.040001,30.555986,28.540001,43.68,76.026451,46.079254,14.482311,115.940002,6.54,32.509998,50.067619,156.550003,48.926048,37.906532,135.300003,14.941153,21.25,21.780001,74.93,22.764929,60.900002,6.381056,28.76,12.957457,26.279549,30.956909,38.463524,5.06,64.288803,13.99,42.560001,17.549999,30.864626,111.949997,66.790001,50.273506,46.169998
"44",19.2507,46.91,42.400002,38.836849,59.319237,83.379997,36.259998,127.719398,47.990002,70.839996,14.045105,83.980003,87.720001,32.860165,43.549999,28.767673,25.25,43.419998,73.312286,47.60569,14.623665,112.559998,6.15,31.77,49.278324,148.509995,47.859238,36.804241,140.210007,12.211012,19.799999,27.049999,70.910004,21.621443,53.759998,7.090063,27.290001,12.811703,28.194477,29.904142,37.513458,5.01,64.007309,14.57,41.93,18.360001,27.168175,105.489998,63.73,49.792976,51.799999
"45",17.7303,49.825001,43.830002,39.846565,65.121727,85.809998,37.700001,143.086655,50.889999,73.129997,15.490721,86.519997,91.519997,35.706135,48.099998,29.879326,29.709999,45.990002,76.911285,49.483856,15.007427,115.400002,6.67,31.790001,58.200073,167.910004,51.810665,41.143414,147.399994,12.965256,20.26,28.219999,78.849998,22.841162,56.349998,7.712839,27.459999,12.874753,30.965433,30.018864,37.805061,5.82,71.238945,11.32,36.77,18.17,28.915695,108.580002,63.639999,53.597469,64.010002
"46",17.4352,53.93,38.650002,36.419586,69.174263,81.540001,36.419998,150.548431,54.279999,69.089996,16.667349,87.449997,101.82,35.07954,57.060001,32.083302,28.530001,46.900002,76.871521,52.309589,14.429195,116.199997,7.09,32.23,63.325954,176.990005,56.962254,39.988636,154.479996,14.275056,20.129999,28.73,88.519997,23.682619,66.269997,7.684095,28.43,12.934324,30.925848,27.227301,40.149651,4.93,70.916458,9.43,37.880001,17.91,32.103481,133.509995,66.120003,51.981995,57.610001
"47",17.09,52.080002,41.09,38.709297,71.10331,82.260002,36.630001,153.886505,56.860001,69.720001,16.88044,85.669998,106.25,41.130466,54.639999,32.4603,31.9,51.529999,77.5774,54.569637,13.545233,117.480003,8.89,34.43,68.451469,186.240005,61.061066,43.67168,156.690002,13.744056,17.1,33.09,92.309998,26.875082,72.519997,8.421844,29.950001,13.686404,32.608215,28.4517,39.186291,5.83,72.41497,9.82,39.02,16.360001,33.43803,131.169998,60.169998,53.7612,61.200001
"48",16.7625,53.185001,39.889999,38.606071,75.347557,90.860001,40.57,180.179062,59.779999,59.029999,18.206947,87.199997,107.419998,44.140011,57.139999,33.786095,34.700001,53.02,79.834236,56.915066,13.253019,116.169998,8.54,36.650002,65.105255,184.580002,61.082119,45.710045,153.220001,14.169394,19.129999,35.41,113.080002,27.085678,77.610001,8.498494,31.360001,13.561451,37.783962,28.864042,38.912392,6.13,68.357323,9.34,37.099998,17.370001,37.948479,134.5,62.650002,55.775803,64.300003
"49",17.5769,57.130001,44.860001,39.881157,64.596107,107.019997,39.860001,201.712219,58.75,45.689999,15.374341,78.529999,122.059998,47.471153,59.419998,33.134304,32.330002,54.240002,63.479649,53.618008,14.393507,117.059998,8.76,34.279999,61.029488,172.039993,55.755074,42.586891,163.229996,11.735004,21.200001,40.459999,102.620003,30.463018,66.870003,8.948809,31.940001,13.51566,39.040791,30.417522,37.887028,6.88,66.996193,17.09,35.82,19.18,35.828182,147.429993,59.509998,51.976833,83.660004
"50",17.8637,62.950001,52.59,38.06324,68.665596,112.339996,40.400002,226.242783,55.110001,50.310001,16.250214,83.519997,130.929993,49.074753,52.330002,32.657619,38.150002,53.240002,67.42662,56.088364,15.314141,114,8.83,36.43,57.58305,201.039993,59.130974,46.899818,166,12.118443,23.15,45.099998,101.419998,30.472626,71.769997,9.169175,30.969999,13.759874,37.269356,32.844273,39.024776,7.06,66.82058,17.629999,37.439999,19.77,40.03986,193.869995,66.709999,56.08279,81.239998
"51",18.0609,60.700001,45.560001,34.75708,68.733719,106.629997,38.41,207.265579,53.91,52.59,16.684126,77.019997,125.589996,45.935966,51.790001,32.696533,38.869999,56.740002,68.40094,53.801601,15.674658,113.620003,8.69,36.389999,57.75861,186.740005,60.913673,44.616505,137,10.217596,22.030001,41.360001,94.029999,32.702095,71.080002,10.165617,32.23,13.781013,33.508774,34.633682,39.593647,3.54,65.94252,16.1,36.470001,21.93,39.958935,160.240005,69.040001,59.013271,67.139999
"52",18.8196,63.220001,38.48,33.681175,65.434731,105.169998,37.619999,190.229034,47.18,45.93,17.134289,76.309998,118.82,47.50536,50.389999,31.499964,38.43,60.630001,61.769627,53.222675,16.564518,116.440002,7.91,36.27,52.501621,160.889999,61.601486,43.67168,119.629997,11.262782,21.98,32.439999,100.010002,28.882788,64.629997,8.920066,30.629999,13.429057,34.072861,32.74807,38.772526,3.54,67.164787,14.02,35.66,20.379999,41.568897,123.639999,64.209999,56.799793,49.529999
"53",18.9295,64.239998,33.369999,35.005341,63.432545,108.550003,38.490002,201.805161,50.080002,44.630001,16.196451,73.449997,115.82,45.020622,54.610001,32.035015,36.07,63.959999,60.497051,56.169807,17.308498,114.370003,9.66,35.57,52.186024,158.550003,67.904114,43.882965,127.129997,10.136504,22.469999,33.759998,95.739998,28.468109,63.099998,8.738023,33.650002,13.483806,35.626575,33.685726,37.305458,3.31,69.678818,13.89,33.52,20.629999,40.536186,126.910004,54.23,55.767689,59.290001
"54",18.9204,66.785004,38.25,34.541885,58.925346,111.440002,38.82,194.848938,48.810001,40.48,16.943647,75.82,126.18,46.325146,56.040001,32.094238,36.950001,63.68,57.04718,57.56461,17.555353,118.419998,10.85,35.959999,52.880539,158.169998,64.91423,47.138165,138.169998,9.874122,25.129999,39.66,88.489998,32.258072,68.800003,8.848557,35.09,14.28412,38.001682,33.512035,37.638882,3.39,68.759285,14.84,33.860001,22.24,40.089935,125.129997,57.959999,54.637463,63.169998
"55",19.1917,62.240002,35.200001,36.899799,60.652126,112.589996,37.77,200.143555,54.049999,38.470001,20.020876,76.940002,114.389999,53.77544,54.209999,35.081341,30.9,63.48,62.922901,56.518505,17.337879,117.650002,10.72,33.380001,55.003193,143.729996,59.755627,44.603378,134.960007,10.557294,24.549999,37.68,90.940002,29.780888,67.349998,8.858174,37.290001,13.364368,40.55492,32.112888,37.351444,4.03,64.923355,13.58,35.73,22.379999,36.262836,124.400002,58.470001,52.898643,54.119999
"56",19.1935,61.985001,44.009998,40.053951,65.485214,124.190002,40.900002,182.235062,57.080002,39.93,21.937067,81.300003,118.459999,54.503918,54.459999,37.11845,33.259998,66.669998,63.887276,55.995457,17.735331,118.849998,12.23,34.43,57.79879,144.75,59.474876,46.675678,146.990005,10.639275,25.809999,44.200001,117.830002,30.922956,68.68,10.146986,40.75,13.716273,41.544548,32.701839,38.557873,4.14,70.339363,16.309999,39.790001,23.51,37.079887,144.440002,56.939999,54.948704,69.669998
"57",18.6976,58.915001,37.18,40.813988,60.164234,118.739998,39.700001,176.755157,55.119999,42.009998,21.448708,75.669998,112.059998,53.718781,51.68,35.414333,30.5,70.639999,65.448166,54.117756,16.418446,116.559998,10.62,31.32,60.682846,155.539993,58.913399,44.523277,141.509995,11.126078,25.27,39.990002,128.649994,30.506779,68.779999,10.490375,39.330002,13.219285,39.852283,30.330738,39.668556,1.53,70.349167,15.67,36.700001,23.07,34.84029,131.690002,55.119999,52.291458,78.099998
"58",18.423,70.834999,36.669998,40.831043,71.618034,122.980003,40.98,179.523438,59.759998,41.650002,21.828163,78.559998,121.129997,53.42799,52.619999,37.862778,26.860001,72.870003,66.949402,58.162491,17.738461,126,11.54,33.439999,63.419758,161.089996,52.252831,46.69294,150.509995,11.659393,26.049999,44.950001,130.970001,34.245869,73.410004,10.355264,45.57,13.08022,39.149651,32.450211,41.478088,1.7,80.527565,18.52,30.360001,26.450001,37.527805,122.5,62.639999,57.896885,92.739998
"59",18.537,74.675003,36.439999,40.592545,75.410156,129.190002,43.389999,171.146805,60.099998,48.189999,21.382303,83.519997,121.269997,57.471333,56.900002,38.812778,28.129999,81.040001,72.944435,59.970886,18.175365,128.919998,14.63,36.34,64.482033,170.259995,54.653168,48.175541,147.240005,12.928318,27.559999,51.459999,132.570007,35.178783,72.089996,10.915009,47.330002,13.456512,40.28772,30.803133,46.356167,1.66,82.347229,19.93,32.32,27.66,44.026154,117.300003,66.300003,57.827606,100.550003
"60",18.6183,74.135002,32.130001,39.543148,77.262817,130.470001,43.470001,142.544083,57,55.790001,18.837898,82,125.959999,56.635311,55.91,39.452644,26.540001,77.639999,75.728188,60.634411,17.362286,131.080002,15.86,36.490002,70.520149,183.630005,56.236271,49.263702,146.820007,16.776569,30.66,55.049999,129.490005,36.850262,74.919998,11.461411,48.77,13.076676,40.901291,31.366192,46.27919,1.44,88.839005,22.34,35.130001,28.030001,43.527744,145.699997,63.029999,61.750267,97
"61",18.9043,79.209999,31.16,36.211601,79.566391,111.620003,42.990002,141.767929,54.48,66.239998,16.261288,80.669998,117.129997,55.089653,53.049999,39.580734,23.84,70.120003,74.336311,59.883064,17.313435,131.289993,16.790001,36.599998,74.709465,184.509995,56.536743,51.449528,148.009995,15.785899,29.9,59.779999,141.130005,31.635603,74.639999,10.764433,52.099998,13.947896,36.368797,29.317827,48.396187,1.87,89.997864,33.66,34.860001,29.719999,41.534107,139.710007,56.220001,60.553028,93.830002
"62",19.525,78.415001,36.25,37.025887,86.542221,118.120003,46.41,137.883026,64.019997,68.440002,17.38736,85.970001,123.349998,56.761662,57.349998,42.408638,26.139999,78.120003,74.226952,64.154434,17.400827,134.970001,17.190001,37.419998,78.465393,199.160004,61.586567,53.359829,164.649994,15.526659,33.610001,60.740002,155.050003,35.703453,95.900002,11.993825,53.279999,14.492409,44.226437,31.443491,48.386528,2.93,86.498489,39.049999,38.959999,26.49,54.619793,127.07,65.339996,67.327644,101.529999
"63",20.1382,77.239998,35.349998,33.969933,83.537003,114.940002,46.32,121.801506,66.970001,64.019997,19.314651,88.190002,129.580002,51.56517,53.790001,43.443233,25.200001,77.300003,76.334648,68.454254,17.488361,140.429993,19.25,37.57,81.728622,197.830002,61.851116,55.076332,169.960007,15.190106,34.950001,62.34,172.440002,36.025372,92.699997,11.523082,54.82,14.747969,49.075607,30.469406,47.140148,2.57,88.814972,39.709999,45.650002,25.459999,59.674786,119.389999,59.610001,68.122009,104.419998
"64",20.4883,62.685001,34.34,34.887486,84.519096,122.019997,46.880001,107.471352,63.509998,63.639999,21.265335,85.839996,134.089996,49.313034,58.84,44.990204,25.43,71.129997,70.051308,65.143692,17.097586,133.429993,20.530001,35.57,84.63694,204.429993,58.127605,53.85902,166.220001,15.21808,37.740002,67.57,159.690002,37.942013,88.580002,10.969741,50.970001,14.619128,44.424362,30.089512,45.578991,2.57,81.198921,34.09,40.040001,23.700001,61.438572,122.660004,60.119999,63.366356,101.870003
"65",20.2691,67.800003,43.09,32.144608,85.778252,125.690002,49.889999,97.85804,63.189999,59.790001,20.957838,89,139.649994,41.571415,60.669998,47.138226,23.440001,68.010002,70.906319,63.987782,17.448166,137.300003,20.16,34.599998,87.405907,208.910004,55.924126,56.330814,161.789993,15.357951,40.060001,71.720001,183.720001,43.042065,94.839996,12.008469,52.459999,14.387214,49.946484,29.861422,46.433113,3.15,86.149117,43.860001,34.380001,27.370001,55.065411,116.599998,62.990002,64.970245,131.089996
"66",19.8307,64.139999,48.400002,30.373766,88.5345,120.349998,50.650002,95.894844,61.720001,65.300003,20.03525,91.239998,146.389999,39.700504,62.709999,48.545189,23.459999,68.610001,68.579895,63.614151,15.525317,133.910004,20.76,35.48,91.674911,201.259995,53.544376,54.04266,164.339996,14.380102,41.330002,79.980003,173.949997,44.7845,85.18,11.574897,54.41,14.473064,47.667358,30.125336,47.219296,3.76,94.597038,47.759998,35,27.57,59.397942,114.580002,60.259998,68.793182,119.870003
"67",20.0542,72.730003,47.869999,30.150921,91.074181,134.139999,50.84,100.326599,70.940002,62.860001,19.368055,94.150002,145.589996,44.578583,62.700001,52.782871,23.1,73.150002,64.851646,68.687553,16.451031,140.970001,22.98,36.029999,96.645546,201.289993,47.507221,56.458973,184.210007,13.816545,47.740002,84.650002,169.360001,43.322788,92.220001,9.996502,61.529999,14.147729,44.862816,30.096014,48.904278,5.73,101.222237,50.119999,32.619999,31.58,70.28331,139.960007,62,69.028435,127.43
"68",19.5332,71.470001,40.27,30.934942,84.15831,121.410004,46.93,73.303146,68.940002,64.010002,18.836229,88.599998,133.490005,44.59948,56.599998,50.079868,18.9,66.489998,61.749744,66.819443,16.51091,141.139999,22.32,35.02,89.53553,177.039993,47.725872,50.150234,176.190002,13.346913,42.139999,94.139999,150.619995,41.044708,84.419998,10.376486,55.380001,13.866358,35.240154,28.086428,44.682678,5.95,104.826714,46.380001,30.860001,29.129999,60.428757,132.970001,58.77,68.558067,102.910004
"69",19.8806,74.25,38.560001,28.650635,83.181679,115.800003,46.18,51.883583,70.559998,50.650002,16.74621,88.139999,137.559998,44.038544,56.759998,47.753101,16.42,61,56.689266,68.703537,16.307993,139.309998,25.77,32.900002,91.971466,173.059998,42.97776,49.705498,179.009995,11.122223,42.48,85.860001,131.240005,42.969292,75.970001,10.158591,52.650002,13.055053,34.130589,27.458578,42.167267,5.61,101.915405,39.790001,29.379999,28.73,57.888329,133.350006,64.290001,71.135887,80.360001
"70",20.9458,68.620003,41.490002,33.099682,91.142731,110.199997,49.98,68.321846,80.599998,49.169998,18.003637,95.309998,148.919998,45.662312,65.459999,51.307606,22.75,61.939999,59.28413,76.332878,15.722528,121.370003,24.84,36.209999,100.319008,203.070007,45.963684,53.753952,204.350006,12.316938,34.360001,83.32,146.630005,49.270683,82.620003,10.197739,54.77,13.731247,37.338089,26.163641,46.434925,6.02,105.399132,49.09,28.6,33.200001,54.008755,152.449997,65.959999,80.227112,85.949997
"71",20.8872,70.82,41.98,29.848124,88.337105,103,50.080002,61.726093,89.440002,47.82,16.950907,93.209999,158.149994,47.880856,66.739998,53.852192,22.9,63.709999,54.203766,78.595985,16.005497,120.720001,24.74,39.470001,105.944649,209.240005,45.436203,55.640053,197.5,11.444607,36.02,85.019997,152.630005,53.466866,91.190002,9.189709,55.029999,14.263186,36.841572,30.09354,44.642181,5.72,115.371468,54.369999,22.4,35.369999,46.269711,167.75,61.98,80.974342,104.059998
"72",20.4966,72.919998,44.880001,25.827488,84.530754,96.959999,45.610001,68.03933,87.360001,52.470001,17.553514,92.5,153.369995,47.366962,65.849998,52.133961,21.450001,59.07,47.970135,77.289017,15.637575,120.599998,22.65,38.009998,110.717018,206.690002,41.651489,57.805954,195.509995,9.095185,31.17,81.900002,156.610001,48.719074,89.160004,9.028787,55,13.176671,33.599335,27.641546,44.289509,5.64,119.519165,56.57,22.75,34.84,48.176617,160.970001,61.009998,79.730713,94.139999
