"","GSPC","CALM","ROLL","SYNA","EXAS","TSRA","UFPI","POWI","SAFM","WERN","ARLP","NXST","IIVI","STMP","MNRO","HTLD","SKYW","NXTM","NTGR","AHGP","SFLY","ISCA","EGOV","MANT","SYNT","COKE","WDFC","NAVG","CSQ","FOSL","PLCE","SCHL","EXLS","ABCB","ASTE","TTMI","IRBT","PRAA","BOFI","OSIS","CENT","RMBS","GIII","CCMP","PRGS","HUBG","HMSY","ROCK","ININ","CSGS","CNSL"
"1",15.8145,13.449357,22.496319,25.309999,3.5,15.052182,31.468473,29.681423,41.880154,15.806008,12.091949,4.281686,13.37,7.669139,21.374849,11.680786,13.497226,8.11,20.639999,16.514229,15.82,24.354471,6.896612,40.759808,10.211482,45.956764,26.601192,42.549641,4.817751,32.650002,30.924311,26.879406,18.15,9.042417,23.132471,10.35,15.8,15.19333,2.965,26.469999,9.54,21.940001,8.705,24.696764,18.75333,24.110001,15.03,13.94,17.299999,17.973776,10.093184
"2",17.5262,13.206322,24.51944,26.700001,4.11,15.74474,32.673809,34.247692,44.002346,17.827705,12.919403,4.206896,14.02,7.86,21.774616,12.874934,13.617161,10.65,25.35,17.757097,19.190001,25.301748,6.362135,42.010422,10.296528,50.927017,27.076677,37.76318,5.002412,36.25,37.157795,26.429918,17.200001,9.197323,22.574839,8.54,16.190001,17.77667,3.2575,30.84,10.53,21.950001,10.485,24.872417,18.68,26.969999,15.34333,11.68,19.700001,18.659021,9.922314
"3",17.7793,13.984859,30.850161,27.610001,4.45,17.778584,35.714958,39.238178,48.181492,18.514925,13.043898,4.608889,16.92,8.762252,22.336784,13.892784,13.21032,11.45,26.1,19.94582,24.09,24.411308,6.676,41.542507,11.699672,53.681557,28.382099,39.219067,5.26222,37.740002,43.323208,25.17135,16.68,8.809533,26.915081,8.88,15.16,18.290001,3.4825,28.08,9.87,21.85,13.78,26.579762,20.953329,27.98,16.99667,12.61,18.690001,19.446127,11.171441
"4",16.1475,13.933346,30.550079,30.620001,4.44,17.778584,38.9879,36.647697,51.06395,17.953402,15.054482,6.27295,17.93,9.196027,22.492344,13.909624,13.857885,12.72,27.059999,19.921089,23.58,28.948761,5.980407,38.352165,10.987835,50.405392,30.674303,40.016808,5.344603,38.959999,44.558235,24.346416,15.92,10.858265,30.781336,10.86,20.16,22.126671,4.4075,26.040001,11.23,24.129999,14.3,26.952143,21.5,32.009998,17.83333,15.02,19.77,21.038857,11.153749
"5",15.3198,13.511755,27.104,29.92,4.17,15.236279,34.535801,32.411884,49.423992,18.049496,14.382686,6.450575,16.76,9.09192,24.651461,13.092896,13.571107,13.99,22.709999,19.546524,23.1,26.576853,5.51385,39.330536,10.172569,45.743881,28.419224,40.844463,4.784914,37.5,45.832165,23.571224,16.620001,10.994851,27.760826,11.57,21.459999,22.82,3.9975,26.209999,10.05,23.440001,14.335,25.78581,21.293329,30.6,18.08667,13.12,17.93,19.001644,10.384111
"6",15.3499,13.328093,28.062319,27.5,4.4,14.070327,28.253176,30.714029,45.720573,17.52899,14.230789,4.094713,14.815,8.892384,24.796177,12.241747,11.340237,14.84,17.84,22.10454,23.959999,24.54714,5.437505,36.216763,10.346446,44.052387,29.080948,41.013988,4.512453,34.700001,42.807804,21.741413,17.17,9.46905,25.771933,9.5,18.790001,22.26,3.53,27.77,9.51,17.52,11.445,24.303301,20.02667,30.01,18.07333,10.1,16.43,16.97369,10.221766
"7",16.4617,13.186171,29.68856,31.299999,4.17,14.885617,28.868387,33.718658,42.258984,18.484097,16.528221,5.048276,17.139999,9.490993,25.743366,13.50639,11.553678,15.79,24,24.008913,25.08,24.680548,6.294272,33.732548,12.574207,47.435375,31.877054,42.509754,4.938523,39.599998,40.697559,22.832088,18.629999,9.645493,29.13632,10.25,20.360001,23.226669,3.905,27.790001,10.41,19.65,12.9,22.96834,19.933331,32.150002,18.773331,10.79,16.18,17.464474,10.730081
"8",16.8272,12.506189,28.35272,26.370001,4.59,13.325171,24.161079,26.17234,38.896343,16.004034,17.378254,3.505747,17.195,9.924767,26.270277,12.258608,11.822799,15.77,21.120001,24.529463,22.23,21.812267,6.133098,30.10832,11.730036,45.940887,30.833771,41.642208,4.844827,47.490002,42.457718,21.189127,16.610001,7.675224,23.885277,8.24,16.57,21.23333,2.8375,29.58,9.28,17.83,12.07,21.029137,17.806669,26.549999,17.39333,7.6,14.91,16.936651,10.631753
"9",16.8272,12.211231,32.892639,28.139999,7.24,16.218134,27.265106,30.376734,39.131367,16.485325,18.750645,4.814559,18.665001,11.278146,28.983894,13.399107,12.992792,19.1,27.01,27.590872,26,23.251173,7.03228,33.69001,13.580053,48.897068,33.341152,44.504116,5.269898,53.790001,47.427002,25.159262,19.450001,9.165179,26.515446,9.79,18.57,21.553329,2.9675,36.32,10.35,20.84,15.69,22.61001,22.066669,29.26,19.646669,8.98,17.6,16.88109,11.47369
"10",17.3661,12.235987,32.253761,26.93,6.86,17.278887,28.094711,32.689148,38.096817,17.161152,18.911345,5.291341,19.67,13.828741,30.008484,13.43515,14.109651,20.16,30.809999,26.419771,30.15,21.764622,7.363111,33.392246,14.910593,49.257351,32.564812,45.840336,5.445727,58.990002,42.846703,26.624323,19.049999,9.086761,27.389069,10.48,20.879999,22.35,3.215,36,10.35,19.74,13.2,27.14185,24.91333,32.470001,20.036671,9.13,24.709999,18.010818,11.615635
"11",17.4816,12.949788,35.709518,28.5,5.94,17.45422,30.647699,38.546383,40.165916,18.739567,20.208357,5.048276,20.415001,13.16,31.07707,13.948767,15.068288,21.639999,31.780001,29.349907,33,22.574602,7.083177,33.96225,14.568804,54.289665,34.50687,49.350407,5.368027,67.650002,50.480534,25.477631,20.67,9.449447,27.835176,13.28,20.299999,21.123329,3.37,34.869999,9.26,20.01,13.685,27.732042,25.68,32.630001,21.00333,10.19,27.040001,17.427433,11.552916
"12",17.3584,13.338367,37.829441,29.379999,5.98,19.417929,36.480892,38.422009,35.528599,19.625311,21.433897,5.599846,23.18,13.25,32.693306,14.452692,14.573499,24.879999,33.68,30.978313,34.889999,24.937836,8.46744,35.161823,14.75701,51.579823,35.557346,50.207977,5.662728,70.480003,48.273041,26.783247,21.48,10.331656,30.121469,14.92,24.879999,25.066669,3.8775,36.360001,9.84,20.48,17.575001,29.123211,28.26667,35.139999,21.59,13.57,26.16,17.538555,12.104846
"13",18.153,12.067891,33.65736,28.459999,5.64,15.183681,34.417706,35.331795,37.307297,21.451065,22.897371,4.590191,24.690001,12.72,31.266106,14.461714,14.041687,24.040001,34.650002,31.860096,33.290001,27.567886,8.920896,34.208973,17.217541,50.132099,34.987061,48.801956,5.681074,71.050003,40.736458,27.04216,19.059999,9.34162,27.974585,15.9,27,24.046671,3.7775,37.990002,9.71,20.49,17.445,31.694765,28.639999,34.779999,21.446671,11.03,32.73,18.010818,11.362314
"14",18.667,12.284909,35.031918,29.5,5.43,15.26258,31.979391,38.164131,37.676369,20.493816,25.482592,6.525364,25.594999,13.44,30.888039,14.966927,15.394541,20.629999,32.799999,35.84343,42.700001,26.414856,8.842414,36.752739,16.254322,53.791885,36.13345,52.312027,5.970913,76.739998,44.44154,28.561178,22.219999,9.890552,31.905897,17.540001,28.719999,27.783331,3.78,37.619999,9.13,20.549999,19.66,34.301449,29.360001,34.959999,25.18667,10.83,34.41,18.103416,11.707986
"15",18.6047,12.55299,37.006638,27.02,7.34,16.007738,34.370815,36.717648,41.840359,23.034876,26.864933,8.105288,24.875,13.35,31.245739,15.842755,15.823678,21.98,32.439999,34.153316,52.360001,28.396923,10.86553,36.072132,16.143183,62.312817,37.626419,51.354736,6.016289,93.650002,48.457813,24.59536,21.15,9.959167,34.656887,18.16,32.889999,28.376671,3.88,37.529999,8.81,19.75,18.785,36.711403,29.09,36.189999,27.283331,11.93,38.709999,18.464561,11.970439
"16",18.9392,12.492519,38.003677,28.42,8.01,17.322721,30.281954,38.643097,43.371105,22.818764,27.171755,7.796782,28.924999,13.52,28.782459,15.580816,15.449596,24.639999,41.75,33.964802,61.560001,29.159258,11.214342,37.33976,16.900427,65.678307,37.124775,51.683807,6.192129,95.779999,51.705833,23.99472,20.719999,9.743516,36.041672,19.120001,35.419998,30.08667,4.2,38.389999,9.77,19.9,22.43,34.329556,29.65,40.279999,26.23667,11.68,37.419998,19.659107,12.021725
"17",18.1287,12.890343,38.720001,28.049999,7.46,15.166147,27.602016,35.321598,40.151073,21.868345,24.324297,6.450575,28.43,12.44,30.648867,15.011779,14.430223,18.809999,41.849998,30.892292,60.619999,27.436604,11.38875,38.66523,16.650072,63.149158,37.911999,47.685116,6.119948,105.839996,48.856522,24.871239,23.48,9.135772,34.870644,16.559999,33.599998,28.873329,3.785,39.98,10.22,14.57,21.459999,35.306183,27.07,38.16,26.02,13.06,36.310001,17.677456,12.512007
"18",18.9392,13.820039,36.551678,25.74,8.6,15.025882,22.625532,36.866077,43.689781,21.886276,25.849571,7.675249,25.6,13.34,35.419193,14.976175,14.121704,20.82,43.720001,32.792244,57.419998,27.244804,11.737562,38.149921,18.292095,63.308231,34.924126,46.867428,6.016091,117.720001,43.264862,24.286892,23.1,8.694667,34.368774,16.02,35.290001,28.26333,3.6025,43,10.38,14.68,17.25,32.650314,24.129999,37.66,25.623329,11.32,35.049999,17.112591,12.70812
"19",17.582,14.62001,36.754959,24.57,8.54,13.772264,27.82865,34.045723,42.263329,20.57572,25.635967,8.189425,25.030001,16.75,33.96595,13.854771,12.058771,18.4,32.91,32.884281,54.400002,26.822851,11.13586,35.040901,17.00806,60.370186,39.413479,47.007034,5.808653,125.669998,46.989391,26.222538,23.34,9.919958,34.870644,13.85,35.009998,26.976669,3.5,41.290001,8.94,13.88,15.435,27.184004,24.1,35.48,25.200001,10.28,38.009998,16.445868,12.014564
"20",16.4284,14.084372,33.8316,24.43,7.73,12.334549,28.857943,30.881302,35.984711,20.339821,24.286406,5.702682,19.76,19.639999,37.546814,13.746248,11.955626,18.389999,27.82,31.629139,53.66,24.128099,10.133022,32.198124,14.158428,52.606274,37.019875,44.643719,5.571201,96.610001,41.738094,25.444605,25.950001,9.018144,32.166126,11.17,27.82,24.376671,3.545,38.880001,7.84,11.61,14.13,27.935797,20.82,31.49,26.23,8.88,32.32,12.37144,12.741305
"21",14.9407,13.633254,32.902321,23.9,6.63,10.467272,22.71052,29.411222,43.76458,18.242435,22.154121,6.179464,17.5,20.440001,31.387386,12.280696,10.829162,20.860001,25.889999,29.291914,41.18,21.903252,9.984776,26.950575,13.380916,52.098999,35.850071,43.08812,5.093844,81.059998,45.248684,25.692085,22,8.537829,27.212486,9.51,25.16,20.74,3.365,33.52,6.9,14,11.43,24.162779,17.549999,28.27,24.389999,8.12,27.08,11.704717,12.034565
"22",15.856,14.472367,39.203999,33.790001,7.95,12.071552,26.506624,34.234627,45.607296,20.755917,25.658365,8.50728,19.01,32.560001,35.30962,12.144847,12.616773,22.99,35.459999,32.228428,41.669998,22.881418,12.042774,30.171247,15.149961,52.719002,39.859245,45.491322,5.598649,103.660004,45.65712,24.696255,26.08,9.831737,30.902157,11.17,33.860001,23.379999,3.825,44.299999,8.65,17.700001,14.095,27.064562,21.059999,31.26,24.440001,11.16,27.75,13.186325,12.862826
"23",14.7436,14.706914,40.897999,32.459999,8.49,15.209981,26.524828,33.825966,47.422375,21.002087,24.457403,7.432184,19.57,27.370001,38.222736,12.452769,11.412487,19.58,37.990002,34.16032,27.08,23.591066,11.336428,29.393362,14.821556,52.840496,37.495941,46.5583,5.457871,89.589996,52.386559,24.898607,26.6,9.80233,31.088036,11.01,31.75,23.123329,4.02,47.810001,8.65,7.98,9.215,29.207523,20.370001,29.780001,30.33,13.55,22.299999,14.047511,12.583496
"24",14.0342,15.883988,40.365601,30.15,8.12,14.683987,29.38003,31.910923,46.187756,21.593443,25.871109,7.329349,18.360001,26.129999,37.014076,12.960472,11.882322,17.780001,33.57,35.036572,22.76,24.310307,11.846765,27.16712,14.508451,55.246624,36.590462,47.545509,5.480512,79.360001,51.657211,27.565987,22.370001,10.076796,29.935593,10.96,29.85,22.50667,4.0625,48.779999,8.16,7.55,12.455,33.198353,19.35,32.43,31.98,13.96,22.92,13.621549,12.978646
"25",16.4752,16.62184,43.831039,38.299999,9.34,17.357786,30.236589,34.624699,46.934055,23.460602,27.161583,7.918314,23.01,31.01,40.019855,13.441161,12.080519,17.940001,39.849998,36.229622,23.73,24.732262,11.134713,30.558661,14.554981,57.558395,39.888893,47.645226,5.920265,95.050003,48.516159,27.261703,24.139999,10.488493,31.431908,12.27,33.040001,21.65,4.1775,53.73,8.78,7.29,11.43,35.425625,23.33,34.23,33.009998,15.67,25.809999,15.066118,13.20735
"26",17.3814,16.867182,44.053677,36.75,9.39,14.727819,30.58873,35.941341,45.487427,21.745724,24.879633,7.712644,23.389999,25.85,43.769928,13.123725,10.778088,20,37.57,34.323956,27.360001,24.128099,10.760885,29.167261,15.882674,61.054539,39.287003,46.877399,6.453718,121.980003,49.352478,28.240944,27.84,11.292285,35.270283,11.71,25.52,23.24333,4.0975,59,9.06,7.08,12.46,35.306183,23.219999,35.630001,32.220001,13.82,28,14.825356,13.193439
"27",17.7325,16.762033,44.653839,36.509998,11.16,15.122314,32.815788,35.767895,49.028416,22.320343,20.834135,7.768736,23.65,27.879999,39.669254,13.132212,10.466434,19.27,38.200001,29.711948,31.33,26.611874,10.814289,30.157497,17.390657,59.443851,41.357136,47.106754,6.66048,131.979996,50.247139,32.592098,27.440001,12.880262,33.904079,11.51,27.26,23.90667,4.27,61.299999,9.41,6.45,14.21,38.416161,23.620001,36.029999,31.209999,15.15,30.51,14.019732,13.652462
"28",17.8405,15.949002,45.379841,30.709999,10.77,13.710899,35.594852,36.500214,47.715572,21.250891,22.387163,7.245211,20.41,29.030001,39.449345,12.560061,8.515224,17,38.5,30.530649,31.16,25.595348,10.048833,27.497057,18.598686,60.779774,41.382301,47.366016,6.628739,130.669998,44.713829,28.336508,27.68,12.154889,29.080557,10.33,23.610001,22.940001,4.4425,66.860001,10.58,5.09,13.425,33.969845,23.139999,35,24.059999,13.52,29.66,13.334486,13.737538
"29",17.0063,15.7321,44.915203,26.82,9.88,11.998489,36.021034,39.370667,50.965553,21.898674,20.090721,6.198161,18.9,24.559999,32.402126,12.932413,6.677679,15.19,31.389999,28.798712,27.57,23.25235,9.675006,19.078161,17.359602,58.282692,42.942856,48.313339,6.271301,73.160004,44.704105,24.997347,21.67,11.145249,25.511705,9.24,21.18,23.036671,4.695,63.82,9.02,4.81,12.355,30.966112,19.219999,34.959999,26.790001,10.22,25.799999,15.279099,10.471766
"30",16.106,17.307964,45.7864,28.629999,10.72,13.570036,37.293488,35.984459,42.50531,21.540413,19.777079,6.300996,16.67,24.67,31.874718,13.014485,6.223262,16.76,34.509998,28.736362,30.690001,25.322233,11.303824,20.705114,18.869995,61.145931,45.724323,49.908825,6.571342,76.540001,48.457813,26.101124,24.639999,12.350936,28.51363,9.39,22.15,30.42,4.94,63.34,10.38,5.74,11.845,28.861523,20.870001,36.130001,33.310001,10.38,28.209999,16.001385,10.507264
"31",17.6618,16.701523,45.341122,26.379999,10.25,12.757775,30.548515,33.997116,34.165661,20.810076,21.581404,6.095325,17.440001,21.15,31.711699,12.641603,6.671184,15.05,34.630001,33.086994,32.830002,24.799925,11.980274,19.371294,18.071051,63.895027,44.378544,48.293396,6.790998,71.690002,49.4011,27.946939,24.65,11.703981,27.138136,10.94,22.76,28.226669,5.0425,64.540001,10.74,4.2,12.285,29.049255,19.440001,29.75,34.41,9.52,26.08,16.325485,11.518834
"32",18.7908,18.02758,44.518322,30.42,9.93,13.573709,36.767284,33.466469,41.021389,20.061707,22.205715,8.095939,18.6,22.139999,32.45966,11.841272,8.358041,12.75,36.57,34.031944,29.75,25.738146,12.843637,19.786457,18.123899,65.537277,45.080475,48.423031,6.921379,84.949997,55.372017,28.448404,25.77,11.635365,27.258955,10.6,25.190001,33.450001,5.8875,74.099998,11.35,4.28,15.87,32.873089,19.23,30.1,34.459999,10.93,29.559999,19.640587,11.823874
"33",18.5901,20.163252,46.560799,24.02,11,12.160337,39.742729,29.418419,41.504234,19.304258,21.495764,9.928276,19.02,23.139999,33.841393,12.169012,9.883142,13.21,38.139999,33.71553,31.120001,27.440481,13.172961,21.402321,19.420483,65.021683,48.617828,49.081169,7.074216,84.699997,58.347755,29.593792,29.5,12.341134,29.37796,9.42,22.76,34.810001,6.5125,77.839996,11.89,5.54,17.950001,34.720776,21.389999,29.68,33.389999,12.82,30.049999,20.825874,12.48479
"34",18.7035,19.405531,48.070881,23.16,9.46,12.595904,36.834255,28.587553,42.374168,20.931021,23.356697,10.161992,16.5,27.52,32.620064,12.706416,10.466755,11.2,35.509998,34.636642,30.26,24.664513,12.727929,20.45705,18.549191,65.873703,44.45417,52.930279,7.178366,87.099998,56.820992,30.857059,29.610001,10.459086,26.766378,9,17.950001,34.883331,7.03,79.25,11.08,4.84,18.48,29.444485,19.75,31.01,23.120001,12.46,31.719999,19.084984,11.456289
"35",18.001,20.688133,45.099121,26.719999,9.81,14.444844,36.221439,30.105284,44.871719,20.966942,20.741549,8.413793,17.110001,25.370001,30.850584,12.506028,11.088637,12.02,34.860001,32.738976,26.950001,25.950937,13.581948,22.276247,18.720337,65.77787,43.878292,52.262169,6.982176,86.440002,47.271408,26.229902,26.85,11.164854,27.912367,9.02,18.84,32.939999,6.665,61.279999,11.2,4.89,19.025,32.230843,20.110001,32.369999,23.17,13.87,32.119999,17.205193,11.173968
"36",18.0349,18.10043,48.467758,29.969999,10.59,14.622628,36.586926,32.524544,44.478844,20.947609,21.175566,9.90023,18.23,25.200001,33.772015,12.863267,11.921003,11.25,39.43,33.944664,29.870001,26.74407,14.785412,23.331268,17.381956,63.727104,43.757542,50.925949,7.016104,93.099998,43.07037,27.632072,26.5,12.24311,32.164303,9.19,18.74,35.619999,6.9525,64.040001,10.02,4.87,17.115,35.086361,20.99,33.599998,25.92,15.95,33.540001,16.834789,11.820334
"37",19.9491,18.846458,51.042641,35.080002,11.02,15.600431,39.097225,36.192142,47.219604,22.88341,23.341993,13.443372,17.02,26.99,35.049351,13.611246,12.131186,11.7,35.110001,36.027855,33.080002,26.511932,14.749217,22.18899,18.892303,62.268906,49.938557,54.077034,7.438071,105.580002,48.467537,27.842258,29.66,12.99789,34.05405,7.97,22.879999,35.650002,7.99,54.389999,9.6,5.46,17.945,36.519066,23.469999,36.810001,27.26,17.370001,40.220001,17.436693,13.077878
"38",20.4111,18.308376,48.245121,34.759998,10.7,15.858217,39.0299,40.538204,47.613804,22.30212,23.044477,14.007315,17.33,24.389999,35.852524,13.355358,13.43644,11.23,34.049999,37.606247,43.279999,29.152487,16.034119,22.314909,19.498386,62.942287,50.677074,56.001591,7.574586,102.769997,44.208149,28.255293,30.27,13.605635,34.333656,8.2,21.440001,38.976669,8.4175,57.630001,8.83,5.64,18.25,33.762348,22.52,37.73,29.049999,17.15,41.610001,17.973776,12.766319
"39",20.7532,19.24437,48.942081,40.689999,9.8,16.762478,38.289314,42.089535,51.264854,23.387194,23.642023,16.967138,17.040001,24.969999,38.426548,13.147739,15.443314,11.28,33.509998,38.134789,44.169998,31.609266,17.337116,24.377201,21.883825,58.026573,51.200577,58.584286,7.690609,96.599998,43.585773,25.016729,32.880001,14.066344,33.678028,7.6,25.66,42.306671,8.97,62.290001,8.62,5.61,20.055,34.33543,22.83,38.459999,27.15,18.25,44.349998,19.622068,13.336244
"40",20.8012,19.492315,46.560799,41.23,9.34,18.210756,37.12553,40.150372,57.496979,22.290762,27.624422,22.952768,15.47,33.84,40.023224,13.374424,13.769087,11.17,29.790001,45.005859,44.529999,31.793039,15.237842,24.2139,20.473953,59.161709,50.709206,57.71674,7.706136,98.120003,47.572868,25.888496,32.619999,13.595832,31.653299,7.23,29.09,40.916672,10.195,57.299999,8.75,6.96,20.33,33.110222,22.57,36.650002,25.209999,18.700001,41.43,20.01099,14.318374
"41",21.3802,20.433136,47.39328,41.259998,11.24,18.920929,38.1903,41.4683,64.959167,24.300426,27.243546,26.502388,16.6,38.119999,45.605457,14.143184,13.490048,13.95,33.279999,46.731171,48.740002,33.734936,15.129258,24.57679,20.713795,57.751492,51.000694,58.155499,7.87441,106.199997,51.861431,28.519785,29.33,16.193449,34.150932,8.08,33.790001,50.756672,11.705,57.84,7.77,7.88,21.055,35.323502,23.51,36.310001,24.9,16.23,50.099998,20.029509,13.215167
"42",20.7752,21.241508,50.287601,38.560001,13.91,18.96652,38.586605,39.399258,62.512138,23.514832,26.621632,33.563381,16.26,39.389999,46.604469,13.699668,13.066147,14.28,30.540001,46.745838,55.91,30.630075,14.957335,23.881844,20.37672,59.065121,51.226357,56.879108,7.499336,103.309998,53.290951,27.623827,29.559999,16.516926,33.155025,8.4,39.77,51.209999,11.455,64.419998,7.1,8.59,24.059999,32.616188,23.01,36.419998,23.299999,14.56,51.599998,20.168411,13.525929
"43",20.8149,23.145983,53.104481,40,13.72,18.300869,39.872185,53.571724,66.483856,23.407812,28.841673,34.112362,17.68,39.860001,41.793686,14.528755,14.590853,12.96,29.809999,46.599182,53.59,32.946552,16.667521,27.008791,23.26453,61.921879,54.366581,57.796513,7.700148,109.900002,52.55188,28.764996,28,18.869486,33.841522,9.24,34.959999,49.77,13.5625,70.389999,7.49,9.75,25.73,36.538826,25.59,38.25,24.190001,15.4,56.799999,22.067907,13.878403
"44",19.2507,20.839605,57.818638,38.66,11.57,16.812843,36.189442,50.708019,61.773464,22.415462,28.818396,31.891901,19.280001,41.880001,43.044712,13.739148,12.438895,12.35,28.940001,45.600163,51.959999,30.162888,20.142183,26.01219,23.293701,60.932835,54.999962,54.575623,7.370541,116.139999,51.715561,27.949221,27.110001,18.781265,33.511234,9.54,32.669998,53.040001,16.192499,72.699997,6.46,8.16,22.905001,35.689087,24.459999,37.150002,24.99,12.88,58.900002,21.937439,13.235663
"45",17.7303,21.953974,63.781521,44.25,11.8,17.729574,40.587467,52.692757,61.733974,22.697601,28.378157,42.28503,18.799999,45.93,45.144928,14.025662,14.049291,13.16,30.860001,44.442348,55.880001,31.389259,20.911314,26.496796,25.961115,60.661335,61.352657,57.607052,7.551078,116.239998,56.256958,27.153646,28.48,18.016682,34.868748,9.74,37.650002,59.93,16.202499,74.379997,7.04,9.4,27.295,38.050571,25.85,39.23,21.49,14.26,63.490002,23.492952,13.680026
"46",17.4352,23.198725,66.588722,46.48,11.02,17.43622,51.152386,55.728233,59.813068,22.580252,29.059572,42.171032,17.059999,45.439999,44.72683,14.193694,14.552433,13.27,28.76,44.264221,49.139999,31.836981,22.277653,25.741323,27.821499,61.639423,68.851189,56.081367,8.029644,126.940002,53.086735,27.313478,28.91,17.938263,32.783997,8.74,33.869999,59.450001,15.105,72.839996,7.59,8.74,28.360001,40.40218,25.969999,36.73,21.16,16.01,61.450001,26.12829,15.113255
"47",17.09,25.128523,66.201523,50.509998,12.28,18.43021,50.439354,52.089684,64.667381,23.467472,28.479219,47.307365,16.35,46.07,51.591427,18.117718,16.352135,10.21,32.110001,41.198425,47.23,33.413746,22.396334,26.506008,28.641497,66.09787,71.482147,66.651466,8.220647,127.269997,53.485443,29.074717,26.360001,20.065369,35.594669,9.7,33.209999,58.400002,20.49,76.699997,7.77,8.59,30.125,44.532314,26.34,37.630001,22.91,17.700001,65.040001,27.075512,15.681117
"48",16.7625,27.543055,68.486,51.810001,11.75,18.16297,50.604347,54.389191,68.442963,24.11095,29.929029,53.079113,17.58,42.099998,54.919056,19.413973,14.349241,10,32.939999,44.118057,50.93,34.503853,22.846466,27.781683,29.477695,71.247467,70.931259,62.981846,8.443974,119.940002,55.401196,32.378227,27.620001,20.69272,37.568913,8.58,34.77,52.84,19.6075,53.110001,6.87,9.47,36.98,45.154797,25.83,39.880001,22.700001,18.59,67.360001,27.718096,15.924486
"49",17.5769,23.201401,62.765118,58.360001,13,18.291983,51.00227,57.711784,70.547501,25.459133,32.027946,45.764423,15.27,39.459999,54.090786,20.83885,12.622288,12.95,31.91,47.052738,47.360001,32.674026,19.971136,27.011259,27.306168,66.709869,65.578499,59.461803,8.350928,111.830002,51.219604,31.546673,25.15,20.065369,36.178188,8.01,35.34,50.220001,20.6875,57.93,6.46,8.91,34.985001,39.838982,24.17,41.450001,23.030001,17.860001,75.940002,28.246058,16.191233
"50",17.8637,24.209955,62.194,65.040001,13.45,20.015207,54.088612,57.711987,72.910149,25.253975,33.981377,40.795452,16.389999,35.18,58.134682,20.165991,12.321526,13.87,34.18,47.437843,54.560001,32.829758,17.858276,27.169056,30.582907,73.90062,69.566833,60.449009,8.702722,114.910004,52.678295,33.736481,27.99,20.624104,39.115238,8.4,41.919998,54.23,23.275,61.470001,7.57,9.22,34.744999,43.643047,24.940001,39.07,20.459999,18.43,79.629997,26.398186,15.76123
"51",18.0609,28.911947,61.661602,60.02,14.17,21.876011,53.710098,64.202507,74.475769,24.921816,33.184689,35.863293,15.43,33.560001,55.528004,22.471943,12.418977,12.74,33.73,47.376827,42.68,33.082821,17.738852,27.491125,29.137383,83.025848,74.013153,61.216839,8.733747,116.57,48.562737,32.971485,30.91,22.839428,42.807858,8.45,41.049999,57.860001,21.4375,59.860001,8.13,10.75,35.790001,43.475079,21.799999,39.990002,19.049999,18.870001,72.5,24.680761,16.546812
"52",18.8196,27.733644,60.267677,62.150002,12,20.302198,49.002945,46.097363,78.062447,25.059225,36.730331,38.090408,14.4,34.709999,55.059414,21.55088,11.289979,11.44,32.299999,50.94611,40.93,30.600878,16.847776,27.883722,26.032419,80.580811,69.805016,56.809307,8.926096,106.650002,46.798058,31.616726,28.299999,20.849556,38.947254,7.89,33.5,57.150002,20.1525,55.810001,8.13,12.09,35.884998,42.852592,21.459999,44.650002,16.17,17.08,62.57,24.984058,16.792683
"53",18.9295,32.445061,59.970001,68.080002,13.48,20.820629,47.317196,49.181118,87.991486,25.842325,36.342834,44.570225,13.46,32.32,52.853458,21.422129,11.134254,13.73,32.880001,49.675774,41.139999,30.492247,15.22179,27.565907,26.220404,73.750595,69.162933,62.134247,9.430408,104.760002,47.168545,30.627201,28.34,20.594696,39.006584,7.5,35.330002,55.790001,19.2075,56.950001,7.86,12.1,36.66,42.516647,21.719999,47.029999,18.799999,15.86,50.689999,24.898756,17.214186
"54",18.9204,34.565895,64.050003,90.639999,17.030001,21.020552,47.044308,56.271255,92.4524,25.950001,37.281879,49.51075,14.46,33.689999,52.051018,21.154623,11.933487,14.37,34.77,50.054329,43.060001,32.640141,14.560373,27.794737,27.860394,72.192482,72.085854,66.860878,9.640689,104.519997,48.514286,32.750355,29.450001,21.133823,42.886719,8.2,40.950001,59.529999,18.3675,66.75,9.1,14.3,40.830002,44.117325,24.040001,50.400002,20.41,15.51,56.130001,24.897713,18.748457
"55",19.1917,33.114796,55.48,72.230003,15.61,24.190771,42.66832,52.643063,86.640839,24.10556,40.126965,44.694939,13.72,31.629999,49.702412,22.274805,10.439359,13.35,31.309999,54.202991,49.32,29.737051,15.497382,25.422014,27.993279,68.662491,64.267159,60.628502,9.376318,98,49.061695,34.028088,28.049999,21.456858,37.990124,7.51,32.369999,58.959999,18.647499,66.300003,9.19,11.51,38.834999,39.710529,23.18,46.18,18.41,14.69,45.369999,24.830963,19.198763
"56",19.1935,37.013786,61.82,82.099998,20.85,28.247213,46.147667,58.580368,88.957237,24.419382,40.279114,43.924908,13.96,33.580002,50.770489,23.246294,8.759687,13.12,33.220001,56.190147,51.009998,32.846104,17.215229,27.286295,28.965605,73.127228,66.134712,64.068771,9.786191,101.290001,52.551437,33.806355,27.27,22.488436,40.700684,7.65,32.43,56.830002,19.247499,69.760002,8.81,12.41,41.27,42.388203,23.16,43.490002,22.860001,15.91,42.810001,26.432961,20.914471
"57",18.6976,41.795494,56.700001,73.199997,19.379999,25.390968,41.625488,52.828163,84.535889,24.713593,34.677597,38.901066,11.77,31.76,47.611435,23.771589,7.634115,13.13,31.25,53.389248,48.740002,31.031672,15.818904,25.556126,28.502129,73.392746,65.422348,61.32653,9.591727,93.900002,46.713303,31.182114,24.41,21.614229,35.733124,6.81,30.450001,52.23,18.1775,63.48,7.75,12.48,41.43,40.955502,23.91,40.529999,18.85,13.69,41.799999,25.205111,21.489231
"58",18.423,41.2598,60.75,68.43,24.07,29.030531,48.701141,49.349403,80.720001,27.063501,38.927303,43.424446,13.49,36.900002,52.428501,24.94231,11.303986,15.16,34.040001,53.71785,41.830002,30.727633,16.930454,26.703543,28.071064,89.196815,74.179985,67.897934,9.759158,101.660004,48.271721,33.735325,27.99,24.420631,37.144024,6.91,35.720001,63.25,19.254999,70.879997,7.98,11.45,39.674999,47.654613,25.9,36.290001,23.23,15.25,48.259998,25.425703,22.570332
"59",18.537,39.365768,63.580002,62.990002,24.82,32.748894,46.90604,49.270054,83.44014,30.48329,37.77261,49.551304,13.27,47.25,53.752949,26.321381,12.265609,17.280001,34.720001,53.135372,42.759998,30.678595,17.062847,28.56217,28.845684,93.26017,73.628494,72.843956,9.910967,111.720001,54.946449,34.404022,28.030001,24.765278,38.577854,6.76,36.419998,58.52,19.73,70.57,7.32,11.85,44.244999,46.735706,25.790001,37.619999,20.860001,14.35,45.23,24.092558,23.886208
"60",18.6183,36.686863,64.529999,68.839996,27.440001,34.262737,52.27066,50.822021,80.768059,30.660189,35.304188,50.014851,13.65,47.990002,56.835079,26.818001,13.073533,17.93,35.580002,48.347404,41.700001,31.041479,17.034441,28.867479,29.156828,86.819939,82.68219,73.133125,9.647338,110.739998,55.99778,35.295616,28.709999,25.296486,38.617149,7.53,34.720001,57.93,19.452499,70.769997,8.78,11.09,50.505001,46.75547,27.02,38.080002,21.139999,16.26,47.900002,24.193396,24.252213
"61",18.9043,33.170807,58.040001,76.809998,27.209999,35.527473,49.185513,50.66486,77.061546,28.081388,32.630745,48.189632,17.190001,45.57,56.186096,25.507385,12.354882,17.889999,33.77,46.690639,43.869999,28.530701,15.547833,31.063814,28.035412,96.431175,79.747299,74.010651,9.343751,97.800003,58.895908,35.789871,29.379999,23.806715,34.933243,6.95,31.549999,49.52,21.09,69.980003,8.45,11.25,48.599998,48.820538,25.049999,33.400002,19.790001,15.14,40.560001,23.662628,20.617687
"62",19.525,35.612484,62.049999,85.949997,22.469999,38.575481,53.105808,54.000591,82.121246,31.565723,32.992096,52.853497,17.49,56.060001,62.184265,24.991081,14.392699,17.18,32.240002,42.352669,48.009998,30.433401,16.570467,31.608122,32.02195,103.2033,78.911537,74.499268,9.777873,86.010002,55.987957,36.01368,34.900002,25.819386,42.016167,8.81,32.849998,50.09,22.1,72.470001,9.06,12,52.615002,51.191906,27.34,40.369999,17.540001,14.66,42.439999,28.864161,18.846409
"63",20.1382,36.965813,76.540001,81.309998,22.02,38.787327,54.51083,51.264145,76.762787,30.916101,27.886873,55.460796,18.459999,67.290001,64.093872,23.610075,14.422863,17.299999,32.880001,41.65955,45.240002,31.983023,16.731438,32.616261,33.532295,111.774742,86.044678,77.620438,9.635712,82.449997,63.061359,39.837883,37.200001,26.085787,42.225464,9.01,32.630001,54.32,23.26,74.260002,9.87,12.58,56.325001,49.373856,27.17,39.290001,15.45,16.41,41.18,29.498423,18.067045
"64",20.4883,42.677208,72.989998,84.720001,20.9,34.771858,54.353626,48.714718,72.396996,26.489834,28.754429,56.66267,17.790001,61.889999,59.009712,20.787994,13.47516,18.33,30.27,40.055714,44.759998,35.660923,16.097025,28.089962,29.182758,111.96106,79.037132,77.829849,9.810718,83.980003,59.73402,39.692719,34.43,24.701925,41.437675,9.35,32.419998,54.779999,22.952499,67.209999,9.26,13.84,55.59,46.735706,26.4,39.900002,17.01,16.559999,43.98,28.265684,19.006899
"65",20.2691,54.112526,70.080002,99.639999,27.01,37.313774,54.784031,50.086685,78.805435,27.130638,25.51766,55.33226,18.67,67.290001,58.289371,21.115913,14.61043,16.209999,30.99,39.638718,46.5,36.769539,15.954993,27.369215,30.796818,112.525826,82.36615,77.401062,9.960766,71.010002,64.401665,43.41391,35.900002,24.89962,40.816864,9.88,31.950001,56.759998,23.540001,72.239998,9.5,15.29,56.860001,45.62907,26.33,42.419998,17.040001,17.92,43.23,30.274954,18.691168
"66",19.8307,49.826668,71.760002,86.739998,29.74,36.762054,51.488674,44.580704,72.648308,25.878605,21.237772,54.466629,18.98,73.57,61.400906,20.122047,14.884872,14.29,30.02,32.196178,47.810001,36.216461,17.309038,28.073851,30.777372,149.681046,85.089882,77.341225,9.596548,69.360001,64.559929,43.101372,34.580002,25.047216,41.280804,9.99,31.879999,62.310001,26.4275,70.790001,10.56,14.49,70.349998,46.547977,27.5,40.34,17.17,20.370001,44.470001,30.898834,18.952774
"67",20.0542,51.997849,67.75,79.379997,24.07,33.548519,62.839344,38.245861,69.818733,27.893579,20.948477,55.789391,17,68.599998,62.477596,21.216177,16.389194,14.28,33.490002,31.11886,43.25,33.846149,17.081785,28.857983,28.320627,160.766693,87.884903,77.95948,9.545842,68.75,57.147526,42.085609,38.77,26.750704,38.803165,9.13,30.790001,63.549999,30.7125,70.18,9.19,13.09,72.230003,44.799091,29.68,42.130001,11.52,19.139999,41.459999,30.352297,18.322573
"68",19.5332,50.999367,61.860001,70.089996,22.110001,31.889652,59.435135,38.853329,66.93911,26.165047,22.388496,45.366661,16.889999,82.339996,62.759834,20.131994,15.736002,17.370001,30.379999,30.236057,38.860001,31.69311,17.839293,26.515268,28.813274,153.055847,82.109581,75.835487,8.838621,61.580002,59.14127,42.355759,36.18,27.008209,39.10236,6.82,29.299999,53.290001,28.959999,73.040001,12.26,13.43,69.330002,42.862476,27.09,37.689999,10.45,16.389999,35.009998,30.166864,17.936447
"69",19.8806,52.429886,59.73,82.459999,17.99,31.568222,57.079895,41.743816,67.174545,24.792099,19.482719,46.21582,16.08,74.010002,66.878479,19.852722,16.547497,15.77,29.17,26.140974,35.75,31.327686,16.769312,25.079342,29.370741,191.907806,87.335808,77.760048,8.323268,55.880001,57.069336,38.189777,36.93,28.524288,33.164265,6.23,29.139999,52.919998,32.2075,76.959999,15.47,11.8,61.66,38.277832,25.83,36.41,8.77,18.35,29.709999,30.232464,17.715805
"70",20.9458,52.17622,68.389999,85.089996,8.33,34.061733,71.874352,50.098522,68.095413,26.19804,18.765026,51.954979,18.120001,75.610001,73.432663,18.74758,18.88875,16.709999,41.400002,24.705585,41.709999,34.260952,17.962385,28.202061,30.492157,209.854248,94.094376,85.109253,9.217938,54.41,53.111,40.21423,44.259998,31.252699,32.164688,7.3,30.01,54.799999,20.002501,86.18,15.91,10.32,55.09,41.666908,24.280001,39.98,10.53,25.32,32.34,32.902344,20.710442
"71",20.8872,53.201004,70.620003,89.769997,9.09,31.217817,76.872734,51.298756,73.287552,26.693089,15.493089,57.380581,18.620001,101.360001,73.303963,19.076136,20.44628,19.51,44.110001,20.84763,45.900002,35.149822,19.877209,32.681213,31.393179,192.426834,97.234787,86.016693,9.092174,38.470001,47.816723,42.034546,46.77,33.921577,39.988621,7.84,33.09,41.310001,20.030001,93.629997,14.77,11.93,45.869999,41.459415,23.99,38.529999,12.13,26.690001,34.459999,35.071621,20.419935
"72",20.4966,45.2272,64.589996,80.339996,9.23,29.414339,68.027298,48.252583,75.942398,23.218405,12.186692,57.488308,18.559999,109.610001,65.69812,16.964554,18.905853,21.91,41.91,17.639629,44.560001,33.302952,19.166265,29.695295,29.331848,181.338455,97.116653,85.548012,9.17105,36.560001,54.77486,37.941296,44.93,33.772228,40.385532,6.51,35.400002,34.689999,21.049999,88.660004,13.52,11.59,44.259998,43.257702,24,32.950001,12.34,25.440001,31.42,35.491924,19.63275
