"","GSPC","ABT","AA","HON","SHW","CMI","EMR","SLB","CSX","CLX","GIS","NEM","LLY","MCD","BAX","BDX","GPC","JNJ","HPQ","TGNA","BCR","JPM","WMB","INTC","TGT","AET","AXP","BAC","CI","DUK","IFF","LNC","TAP","DIS","WFC","TXT","WBA","VFC","FDX","PCAR","AIG","FLR","ADM","ADP","GWW","MAS","AAPL","BF-B","OXY","R","MAT","SNA","SWK","WMT","T","VZ","CAG","LB","BLL","HAS","HES","LMT","LOW","PHM","DOV","PH","APD","CNP","NOC","NUE","PKI","TJX","HRB","MDT","SYY","GPS","ITW","JWN","AVY","CA","MMC","NKE","C","HD","PNC","STI","STJ","ADSK","ECL","NWL","ORCL","TMK","AEE","MRO","IPG","AMGN","PX","CSCO","COST","MU","CBS","EMN","KEY","MSFT","LUV","UNH","UNM","YUM","INTU","MON","SYMC","ETFC"
"1",9.4705,21.509371,21.086348,27.057257,42.477413,20.518778,25.705589,35.712833,8.083292,39.687992,23.290102,35.412968,26.575523,45.145939,26.553209,62.300606,24.855888,45.053825,13.498891,4.623535,81.143349,21.517504,8.252253,9.968353,25.945238,28.749046,14.685429,6.248822,17.225662,31.124413,24.396467,13.805888,33.364658,18.738924,15.767989,8.784155,23.371445,11.612,48.508633,21.600513,20.317123,35.458565,22.933779,25.671457,63.41708,5.876709,11.788043,13.078017,42.292126,28.192503,10.342443,25.544622,25.743351,38.827923,16.034449,19.013773,13.404791,4.833345,17.951698,19.315847,51.318424,61.933418,15.914242,9.642877,19.675661,32.924274,38.008453,9.311642,35.077583,31.512405,11.720492,8.817978,15.75947,28.503288,17.160358,9.458736,26.864967,9.938334,19.237419,14.840418,15.67207,10.155345,35.05571,17.671131,27.85228,11.055284,32.53973,16.559999,30.808891,6.903579,15.454762,12.231634,22.777437,13.348161,2.923887,49.327641,52.502258,12.810504,37.130798,3.72,5.129946,10.664506,6.363631,13.973366,6.754722,25.56234,12.258579,24.305347,21.371429,66.529526,11.30762,11.4
"2",9.0077,18.366768,17.227938,22.342461,41.192692,17.939379,21.242052,33.473801,6.945832,38.461342,20.663813,37.059875,21.490631,41.034161,23.049002,53.058823,21.843994,39.372032,11.276916,2.596231,76.108047,19.273813,6.590137,9.946133,23.669792,22.136766,10.586149,3.751193,15.638043,28.097878,22.427359,7.838241,29.35178,15.195926,10.28354,5.496177,20.430033,10.757994,41.147587,20.645884,6.666556,30.308413,22.440702,24.131029,57.835072,3.870211,11.680796,12.37818,40.214344,19.218691,8.629636,20.191807,22.037495,40.574852,15.480862,18.160797,11.821301,4.775123,18.912098,18.323238,50.469421,48.031391,13.797569,8.721342,17.518785,28.931566,34.948128,7.284443,27.502348,25.996382,11.961961,10.161747,14.520304,25.184002,16.552162,9.047852,22.867302,10.673953,15.998101,14.012877,14.537,9.320475,14.812272,17.14584,23.415785,10.947406,29.667789,12.69,28.831173,4.911647,14.270172,8.399053,16.29015,11.510034,3.345348,44.003674,47.85582,12.468205,35.040184,3.22,3.829523,8.441193,6.175951,13.287553,5.663752,17.73032,8.813019,22.318117,21.503529,66.713211,10.2012,8
"3",8.5448,18.506439,20.297441,23.200186,46.589428,21.949865,22.695246,35.725319,7.275112,40.740532,19.640072,39.94949,24.438461,42.856155,23.306973,57.944435,23.521292,41.419376,12.490978,1.795219,75.595978,22.42004,6.704081,11.733938,28.753239,22.563364,11.96428,6.494536,17.505983,29.870943,26.190712,6.10452,28.560289,16.455456,12.102281,5.608433,22.228148,11.98504,42.497219,21.214119,15.872753,31.622072,23.38345,25.083881,61.349232,5.245451,13.748576,11.258981,43.422623,23.800573,8.40369,21.484289,24.271252,43.173721,16.412189,19.223839,13.224493,5.402285,20.371931,20.06831,50.104881,52.536949,15.89682,10.383906,18.530296,29.460432,42.832447,7.362088,32.125336,29.741652,11.859801,11.69947,13.94044,25.081869,17.55299,10.892641,25.621267,13.273104,18.105247,14.55851,16.417973,10.585601,24.983366,19.578938,25.085896,10.683504,32.503944,16.809999,31.654676,5.546249,16.593437,10.69453,16.183094,13.003816,3.617542,44.534271,57.157669,14.350845,38.333996,4.06,3.495902,11.244041,6.933628,15.114079,6.086851,18.912897,10.821486,23.337208,25.475878,72.687401,11.019951,12.4
"4",10.6644,16.385641,25.081442,25.989868,50.775932,29.323986,27.031008,43.086742,8.327675,44.724812,20.12936,35.915272,24.08004,41.850918,22.069273,52.118969,26.750938,41.230392,14.018259,3.190594,68.064713,27.884811,8.306458,12.319464,34.497196,20.411823,22.434135,8.503843,19.615856,28.807104,26.826994,10.272425,31.867886,19.84441,17.006084,10.484056,26.911816,12.438335,53.453457,29.185884,21.9044,34.660721,20.72356,25.112421,73.325356,6.722664,16.457222,13.48294,43.922001,23.279333,10.903661,29.033745,31.697651,41.764984,16.947037,19.58572,14.023992,7.091275,17.705742,21.496243,50.650303,59.767155,18.808382,10.934928,21.621016,39.318146,50.180595,7.510318,35.592567,31.705208,13.600042,12.762643,11.602983,27.410007,18.152096,13.103958,27.240763,17.932556,23.292068,14.260891,17.267395,11.845308,30.118288,21.872566,34.10907,13.140528,29.989876,19.940001,35.136417,9.084373,17.805815,12.022626,16.064459,14.690507,5.496556,43.589989,63.375446,16.532995,40.220901,4.88,6.409154,16.647894,5.418273,16.669092,6.711883,21.253288,14.2196,28.503698,21.824333,74.490662,12.723839,14.3
"5",12.1417,17.642462,25.571972,27.878101,47.63921,28.120304,25.722033,50.333828,9.00476,41.844231,20.323942,43.617775,25.636887,46.327374,23.29332,58.323608,26.372833,43.819538,13.38319,3.892361,67.931679,31.180292,9.885278,12.376628,32.989201,24.835468,22.105007,10.732174,22.064108,30.007912,27.428881,17.318724,36.847065,21.94665,21.718588,11.236408,25.601809,11.924181,52.947197,24.732655,26.824951,42.998695,23.295418,27.117136,69.294983,7.860812,17.762501,12.714556,52.364639,23.905642,11.377417,26.936518,29.755619,41.440327,16.398012,18.888536,14.729153,7.768114,18.730255,20.488354,61.558739,64.095375,16.63011,8.360328,22.25968,36.841248,49.327751,7.272655,35.372135,34.214199,15.18687,13.523612,11.189138,29.422928,18.642271,15.051845,26.817204,15.720588,22.335747,14.459399,15.490712,12.879261,36.734436,19.246529,39.13522,12.076234,34.910648,21.459999,34.042675,10.049969,18.035982,16.461946,16.231943,15.902105,4.600951,44.911983,62.177757,15.831284,40.309368,5.06,6.718687,17.386309,4.413876,17.296583,6.481102,24.036457,14.889679,29.597694,25.683458,72.086319,11.528905,14.4
"6",12.4678,18.417694,28.650593,26.398443,48.496353,30.530863,25.970518,47.765053,9.818471,44.549267,22.245941,36.552898,25.688797,45.52256,24.231205,61.753593,26.734058,45.122368,15.090847,2.938373,70.744347,28.822756,9.256046,13.0301,33.131905,23.231085,20.829069,12.581097,23.974937,30.941021,28.353132,15.728508,35.456612,21.140186,20.662468,9.454406,25.266638,11.731747,53.241291,26.870352,18.412394,47.060631,22.660549,25.503384,71.976059,7.268976,18.628326,12.540605,51.598637,23.685078,11.698112,24.852505,28.460434,40.357243,16.431086,19.837482,15.101541,7.517714,21.252722,19.54497,49.771053,61.811459,16.980032,8.388828,23.427885,37.451492,49.524937,7.962551,33.931103,34.890388,16.241642,14.417243,13.328588,29.885473,17.677563,13.829144,31.27474,15.880268,21.12641,14.442826,16.481396,11.739993,29.3283,19.818674,33.34441,15.083831,36.771595,18.98,35.667427,9.089502,19.720814,15.183026,17.651655,15.029189,4.434123,47.60994,60.684673,15.959645,38.033035,5.06,6.335989,16.072573,4.625741,19.681177,6.476185,22.572582,13.801888,28.495153,26.598703,65.460724,11.492023,12.9
"7",13.1671,17.771597,32.616741,29.172802,52.105385,37.294304,29.160723,47.226582,11.375024,49.096584,23.578617,36.982197,25.874197,43.5984,25.791409,56.419113,28.21574,48.371498,16.906435,5.761516,70.070045,32.706974,9.896441,15.155857,36.615494,25.011671,25.391029,14.096547,28.264351,32.828442,30.554136,19.378017,37.868965,22.762175,20.832809,13.153955,26.684662,13.711413,64.938675,28.709766,10.428399,48.446114,25.496292,26.805902,79.034782,10.666227,21.369671,12.82363,55.93446,29.801462,12.813259,30.810535,33.76733,41.556965,17.647934,21.02887,15.70309,8.126918,22.758673,21.531029,51.113712,57.297268,19.738974,10.801923,24.079254,38.602238,57.200191,8.659634,33.114021,34.921799,16.523773,16.603201,12.910861,30.527098,18.684114,13.838115,33.963329,21.109819,21.990221,17.517002,16.895287,12.841893,31.30327,21.75609,31.584082,17.880527,33.738609,21.809999,37.972679,11.237454,20.42433,16.071791,18.034616,16.08666,4.57461,56.03656,66.755707,18.834949,41.123531,6.39,7.498807,21.059734,5.10244,19.474182,7.553946,25.355751,16.408606,30.466858,28.023466,73.966927,11.012575,15
"8",14.344,17.866398,33.49934,31.175179,54.635342,39.451019,29.827126,49.792274,12.111711,47.551502,23.90682,35.944729,25.180164,44.925747,26.043055,60.290081,29.506243,48.403141,17.527248,7.111357,76.746559,36.777363,9.8104,16.115063,39.615486,26.430574,30.311493,16.765265,29.289433,33.362926,30.866091,23.081696,39.893265,23.595821,23.483265,15.033092,29.247751,14.743637,65.771469,30.042896,35.975594,48.537872,24.531284,27.597481,77.288849,11.087363,22.000076,13.048298,57.314392,32.445297,13.11209,32.527859,34.423332,42.614258,17.526827,20.353477,16.423048,9.462317,22.851843,23.066637,46.844978,57.902794,18.895279,12.141475,24.670322,42.640961,57.529896,9.048474,36.577709,34.976768,17.104872,16.53129,13.367267,33.009258,20.044531,16.661701,35.027039,22.512379,25.583332,18.503633,19.47674,12.558482,49.374241,22.888346,36.693016,21.438444,34.481201,23.43,38.686211,12.198077,20.193598,17.53249,19.126762,15.518375,5.522898,53.76128,65.423668,18.484095,42.509495,7.37,9.476516,22.11993,5.888231,20.524563,7.8715,25.301533,19.695572,29.427238,26.202412,73.861252,11.152721,17.6
"9",14.7486,19.541256,36.473969,31.505928,54.599037,39.007065,32.423958,52.804615,11.929317,47.334225,25.767975,39.460052,24.856571,45.588768,26.204567,60.692928,30.663017,48.763523,18.465132,10.348656,74.870277,37.082005,10.663733,15.520265,39.345764,25.809225,30.544952,16.13648,27.955832,33.901386,33.079792,23.694403,40.987843,24.882534,24.046453,18.59671,32.346909,15.484877,72.115005,31.322025,35.007355,46.770477,24.863132,28.52404,78.958855,9.892869,24.241804,14.157416,61.750065,33.350353,13.454651,30.296579,36.204029,41.123138,18.172731,19.848577,17.342995,10.775118,23.200798,22.546644,49.593666,60.296745,18.403122,10.440908,27.644464,45.427608,59.827831,9.070367,38.780914,37.194294,18.032753,17.083099,14.347682,31.716467,19.541256,18.145567,36.036568,24.519547,29.814102,18.254593,20.461332,14.73844,47.794266,22.528931,41.862263,20.686216,34.901703,23.799999,42.42429,13.749125,19.233757,17.926975,18.188656,16.036154,6.602892,54.165974,70.124466,20.144239,47.012268,8.2,11.085334,22.898394,5.746772,21.415487,9.243597,22.626801,18.742701,29.006235,26.891203,68.155235,12.148499,17.5
"10",15.6764,20.136864,34.527946,30.437355,51.767441,37.483692,30.53903,55.108177,12.020514,48.07058,26.576824,38.958061,25.594065,46.818954,24.848604,59.483421,28.189674,47.289967,18.562914,8.123405,71.660553,35.389999,11.248541,15.155456,40.820808,24.139927,31.39192,13.90484,27.707026,34.073692,33.21933,21.80048,41.232021,24.800983,23.483265,17.420944,32.657688,15.187707,69.689438,31.072845,26.682096,40.856331,25.628939,28.88694,82.820213,9.050747,24.653791,14.330639,59.765236,34.622547,13.797214,31.8393,38.358124,41.617386,17.535975,19.713058,16.956469,11.161983,23.262102,22.321259,50.781094,53.122608,17.271566,8.559835,26.874182,46.409065,59.480801,9.194418,37.566902,31.529306,17.502909,17.175066,14.316458,30.943703,21.005043,18.164207,38.745007,25.5151,29.516047,17.366352,19.571966,14.164392,40.38813,21.218126,42.256203,17.530537,30.490902,24.93,40.34116,12.715094,19.520641,16.758821,17.512337,16.071346,5.285826,48.221478,68.193016,19.519545,47.549019,6.79,10.827749,22.457874,4.7654,23.089094,8.088147,23.4491,17.508347,28.481573,27.429028,59.363934,12.967252,14.6
"11",15.844,21.697794,34.888626,32.876881,55.545876,39.226921,33.770161,56.794384,13.593218,48.914635,27.415413,48.083534,28.02985,50.960369,25.07383,65.087181,28.866419,50.723293,19.188719,8.181312,78.47628,36.000027,11.869152,15.34294,39.381893,27.032545,37.690128,15.11603,31.926777,36.462536,35.513027,20.958834,38.265888,27.383474,23.970196,19.645103,33.69088,15.546876,80.963997,30.868763,22.539309,39.071972,26.331509,31.536123,86.750031,10.460353,26.146097,15.023535,63.6325,34.809616,14.724034,31.753489,41.19067,45.697029,18.403551,20.958862,17.917336,10.613838,23.345825,24.269354,53.768215,60.122238,19.248486,8.68334,29.339109,47.493824,63.953621,9.829,41.384621,33.554779,17.74744,17.704132,15.84646,36.785732,21.473587,18.232304,41.040009,26.983469,31.263309,18.379679,18.81278,14.781721,40.585625,23.137821,49.224072,21.686506,32.843925,23.450001,41.212955,12.758431,20.427288,17.947622,18.699492,16.51247,5.558019,50.676617,70.416328,20.024435,50.108387,7.52,11.784492,25.712578,5.189762,24.59617,8.858447,25.906963,16.709721,30.486952,27.561125,71.355125,13.092646,16.4
"12",17.1808,21.498695,44.920502,33.500748,56.285393,40.065624,34.740612,57.861107,13.882369,49.507095,28.548313,42.487091,27.251455,50.307755,27.112556,68.951401,30.919725,51.99057,20.179234,12.326159,74.362022,35.305271,12.650855,16.301872,40.912846,29.437708,36.509777,14.371653,35.10154,37.62112,36.095459,22.761055,38.223572,29.559937,23.072594,18.448969,31.810986,15.787079,80.104279,30.194445,23.793257,41.547684,26.758829,31.32645,85.977547,10.637516,27.561237,15.822074,64.344971,35.350563,15.117482,37.120396,43.979759,45.001343,19.148163,22.071424,18.611742,12.309237,24.427834,26.242008,56.222813,58.658688,20.64292,9.500372,29.863026,47.423412,62.853615,10.747458,42.177578,37.194664,19.365118,16.859978,17.791594,38.12056,22.383839,17.832249,40.753571,30.315062,30.372688,18.679075,18.420675,15.112963,32.685745,24.668404,45.580406,18.621212,32.906551,25.41,41.049809,13.198074,22.693903,18.141621,20.400476,15.80378,6.479966,50.87447,69.274818,20.486538,49.489452,10.56,12.97165,25.956724,4.915218,25.491034,11.011108,27.542526,17.130974,30.227636,28.995321,72.238785,13.195911,17.6
"13",16.0007,21.234545,35.473816,33.022163,57.83746,39.454071,33.876175,56.412136,12.270542,48.424278,28.950659,38.490734,26.862259,50.299698,26.608932,65.89991,30.691658,50.739437,18.439848,13.405215,79.288979,33.031891,12.506821,15.502761,43.365757,27.831169,34.080681,14.486167,33.608704,36.134636,34.893448,22.494993,35.548935,27.08515,24.303589,19.155151,31.230555,15.526259,75.208755,29.994644,19.229839,41.824421,25.613609,29.841337,88.152954,10.499561,25.119402,15.157529,61.964165,31.25481,14.920758,35.90823,43.757771,44.984505,17.583881,19.883076,18.521935,12.168488,23.997866,25.165609,53.704403,58.012543,19.181721,9.994391,30.774488,49.210152,58.899097,10.33267,42.743973,32.53038,19.003935,17.533455,16.926397,37.346676,22.423895,16.306698,37.017048,27.862751,27.059906,18.329781,18.15225,14.582282,32.784496,23.883926,47.944412,22.328934,33.756504,23.790001,40.423656,11.931903,21.377033,18.597233,18.648735,15.090032,5.672165,52.592167,64.97049,19.228592,48.03413,8.72,11.937612,24.358126,6.358787,23.567497,10.914773,29.819664,17.24132,29.744255,27.938545,67.260757,12.502556,15.2
"14",17.7326,21.772024,37.143715,34.590466,58.191513,49.758362,38.890518,54.490936,13.657228,50.17564,29.23485,44.25626,26.575914,51.881031,26.303986,68.085793,32.874611,51.241535,19.897173,12.575171,80.140312,35.602169,12.926916,16.536991,43.725616,27.849743,34.56031,15.89852,34.096359,36.266758,36.946522,23.044098,34.3797,28.634184,23.412457,19.537664,30.655161,16.679466,81.361763,29.501957,19.658405,39.481369,25.219349,30.441238,90.665176,10.352443,26.762114,15.4647,63.15852,30.521671,16.638311,37.346611,48.88063,45.523342,17.202526,19.55192,19.92289,14.247005,25.581713,29.473829,54.642998,61.030567,21.006865,10.288902,32.671616,53.320587,53.176674,10.05221,46.587914,33.00877,20.957169,19.264481,13.591456,37.79076,23.152933,18.374949,38.656021,29.93111,26.302464,18.747028,19.549871,15.462937,33.574486,26.604017,46.499939,21.860899,34.194901,27.879999,38.803024,12.134428,22.850992,19.259949,18.035627,14.777714,6.585331,50.910442,64.815216,20.820278,51.151657,9.06,11.993006,25.65941,6.34129,24.089418,12.118962,30.596785,18.333769,29.318222,30.533312,62.62484,12.207509,16.1
"15",17.9886,21.130257,39.768909,38.991795,62.1395,54.289021,41.355064,56.595661,14.647135,52.491688,28.73955,45.827618,28.030857,54.213039,27.022526,69.163315,34.753986,53.030922,20.853571,13.746807,82.856934,37.960377,13.930331,17.954678,44.642223,32.604351,37.501263,17.044485,36.447174,36.200214,42.058517,28.095863,35.810059,31.998058,26.649439,20.841801,32.264469,17.410528,89.769295,36.170151,27.094788,43.029518,24.824223,32.788849,96.435997,12.017197,30.735497,17.656809,67.138535,33.522808,17.205784,38.33733,49.301422,47.075348,17.916698,20.964418,20.419741,16.502008,25.269279,31.533209,58.222908,65.315895,21.47644,10.687919,33.747192,57.237186,57.721207,10.788469,49.865639,36.469551,22.551838,19.676332,14.127043,39.210091,23.834377,19.750933,40.484295,33.099239,30.49913,19.555233,20.560202,16.879892,39.993137,27.78982,51.637768,24.596956,36.72686,29.379999,40.617207,13.414059,23.83363,22.22621,19.322361,16.150837,7.305327,53.815243,72.016235,22.275045,50.094559,10.37,12.913987,27.636448,6.873426,24.610361,12.74052,29.521467,21.822561,33.326439,32.382671,63.307369,12.487803,16.5
"16",16.3376,20.693449,37.506775,40.886688,71.67894,63.29776,42.907726,63.694645,16.129108,53.358425,29.093039,50.46167,27.063475,57.357586,21.924463,67.09008,35.214737,52.298904,20.390596,14.162872,82.933525,36.160023,14.237883,18.397703,48.26622,27.441143,41.918522,17.025387,31.943588,37.220566,44.193649,28.003885,37.768288,33.767071,28.353563,22.422361,30.57687,18.772524,86.51107,38.824078,30.872505,48.885826,23.999613,31.977793,98.594475,12.625119,34.147789,17.279619,70.410492,40.234291,17.417641,42.618656,53.371948,45.415859,18.362368,19.833597,20.095482,17.963194,25.188803,31.802818,59.153732,66.626602,24.110636,12.435987,37.695793,61.162628,59.930149,10.788469,51.584358,36.421333,23.706871,21.444056,14.531807,38.215687,25.482586,21.225288,43.68132,33.488167,32.693794,19.013651,20.559441,17.433371,43.153088,30.263845,58.224411,27.176926,36.521084,33.990002,45.136387,15.064341,24.027931,22.238667,19.233454,16.411175,7.823373,51.539967,72.684341,23.045216,49.566013,9.35,15.016911,29.042572,7.999782,25.66065,12.701971,27.414083,21.628242,37.071671,34.14711,56.110016,12.369784,16.9
"17",15.5001,19.237305,32.585438,37.085796,70.682716,59.722744,38.409012,50.252197,15.107441,51.807983,29.121658,48.428085,25.733774,54.791447,19.607582,62.63615,33.412861,47.851875,18.05217,12.931318,77.604622,33.612347,11.910132,17.37558,46.421032,27.078976,36.237892,15.029702,33.348469,35.910446,39.261677,24.22304,35.18338,30.632341,24.605871,20.292042,27.979618,16.802299,80.244522,34.287239,28.078899,43.408836,21.826664,30.141851,91.207886,10.384803,33.597168,16.471769,65.526382,39.098969,16.388622,39.355171,48.188778,43.056778,17.122238,18.886532,19.857327,16.662872,23.362619,33.286839,49.519726,63.225441,22.003622,10.583414,32.598648,54.551334,53.90435,10.375196,46.364441,34.59705,21.47341,21.106016,12.761958,34.270786,24.084841,18.710524,39.689308,32.336163,28.797419,16.906393,18.513681,16.622675,39.104397,29.086966,54.360687,24.753178,33.407578,29.26,43.648476,14.748403,20.962906,21.403786,18.2703,15.997905,7.331669,46.56673,67.330841,19.819056,49.037552,9.09,13.488355,26.208622,7.122125,21.775772,11.98881,26.292557,20.417345,35.78701,33.722515,45.2635,10.451988,14.8
"18",15.5306,18.921801,28.162331,33.842846,63.820145,57.218918,36.134575,49.527275,14.349895,51.26368,29.043978,55.653816,26.290985,53.972076,19.002832,59.718613,32.798973,48.475674,17.009882,11.231383,74.307602,31.090145,11.095785,15.777547,41.858097,24.497372,36.24612,13.730418,30.947218,36.000446,37.628963,22.236496,36.315006,28.872496,21.955744,16.67729,23.316349,15.581716,67.484039,33.342251,27.332878,39.430206,22.30172,29.932446,89.146179,8.370073,32.897442,17.087429,61.566792,35.001144,16.010307,36.425793,43.636799,40.936298,17.044731,19.22967,19.15107,14.881297,25.060858,34.074448,46.945404,58.93763,18.154099,7.866308,30.347466,49.225788,50.955349,10.024785,41.727222,31.035093,19.561718,19.476406,12.573724,31.725407,23.282187,16.702147,35.536446,26.21917,27.07025,15.361857,19.14184,15.571017,37.129429,24.282391,48.946278,21.400705,32.289219,24.360001,41.643307,12.960181,19.931944,20.625183,17.896935,15.997905,6.260455,47.304173,66.316299,18.235928,46.15844,8.49,12.023155,23.334299,6.82907,19.420952,10.711503,25.794371,19.17993,34.117825,32.80727,41.125992,10.23808,11.82
"19",16.6555,20.036472,31.269703,37.163834,63.783249,69.940094,40.972923,53.393517,15.24333,53.960461,28.181181,50.389507,27.939075,57.134853,20.466387,60.760731,35.609127,47.679512,18.094616,10.997745,75.444298,34.253582,11.78168,16.710409,43.688381,25.862465,40.75634,13.415106,30.648308,38.475479,40.254654,23.848671,38.586838,30.87982,23.78253,20.401917,24.9319,17.365799,79.458107,38.318081,30.53124,44.801994,23.631878,30.683365,100.404869,8.053084,33.645557,18.872908,62.18924,37.994034,16.010307,39.773651,50.114948,43.593285,18.597809,21.650702,19.443623,17.288467,27.627188,35.156597,49.976246,59.451855,18.540358,8.341326,34.83532,55.137146,57.064339,10.839869,44.946445,31.73233,18.483879,19.276766,12.56571,32.539951,25.237988,15.621971,37.447567,27.693439,30.20443,16.330322,20.14543,16.974829,40.486877,24.663019,51.533165,23.834692,32.897606,29.540001,45.352352,13.721503,22.003796,22.108229,19.101608,17.212294,8.025324,49.039856,75.767616,19.742039,47.741108,7.28,13.743405,27.392437,7.512865,21.784212,11.617787,27.656288,20.25218,36.27552,37.506153,51.769375,9.566852,14.63
"20",17.0253,20.142616,28.684681,34.112698,65.254921,65.582504,38.839073,47.908833,14.49687,53.910561,29.796244,55.275215,26.708109,60.311687,19.895927,60.222008,34.860863,47.242634,15.111598,10.088219,73.811096,30.920067,11.081307,14.44298,43.767014,24.813107,36.401329,11.905429,32.103008,39.198368,40.52964,21.403358,37.582325,29.825747,20.233545,16.775564,23.620167,15.448183,75.126656,34.343395,26.928125,41.434189,26.745321,28.705713,95.274979,8.217593,31.794889,18.299644,58.318874,33.603325,15.88168,36.973564,46.331707,42.948311,19.37929,22.000868,17.878529,16.011129,26.649731,33.663586,46.861473,55.481556,18.129145,7.638299,32.707062,52.725998,58.204365,11.417502,41.837471,29.818985,19.956131,18.491676,10.281764,27.6814,22.402075,14.569579,35.51923,23.712803,27.56595,15.049685,20.316732,16.135769,36.635685,24.270765,44.244423,20.684227,30.929296,27.73,43.95219,13.331696,20.328381,20.558521,21.134493,15.809818,7.489716,45.901237,75.078186,17.106344,47.737377,6.46,12.850735,26.915781,6.553824,19.914873,10.658479,28.809769,17.793875,36.626858,40.32737,47.124096,10.053677,12.4
"21",17.0253,21.326517,33.989384,38.374599,69.668297,79.834198,43.842777,55.347141,16.074701,55.524052,30.109367,56.756699,29.045763,61.508678,22.45542,65.786095,37.431564,51.33556,16.568954,10.236151,78.230347,32.365726,11.680292,15.693561,45.717537,29.35413,38.373409,12.526999,35.650078,40.407631,43.281506,21.907074,40.74007,30.339033,21.582449,20.227545,29.437338,17.879107,82.418251,40.352234,31.031231,46.081406,27.708881,31.518478,107.271034,8.624949,37.111473,18.498978,62.796638,37.456718,17.750557,41.708473,53.268425,45.84351,20.504908,24.280674,18.16836,18.16856,27.966057,37.125027,55.233765,56.886154,19.92597,8.322326,38.150928,62.440556,65.49749,12.135439,46.870026,31.270029,21.979288,20.793236,10.503876,29.556168,23.439745,16.079157,40.773136,30.501947,31.465191,17.668114,20.659344,18.542559,38.610657,27.638313,45.042709,23.734943,35.196949,31.969999,47.19511,15.818621,24.991621,22.203138,21.674215,17.163172,8.806783,49.561462,79.178772,18.740816,54.488201,7.21,14.797855,32.580502,7.078486,20.780369,12.606906,32.006348,19.657572,40.456429,41.336971,42.899483,11.160098,14.57
"22",17.5706,21.124641,36.880302,41.143089,67.656319,77.648407,45.707718,62.78545,17.855934,55.799461,31.184454,54.994629,27.988255,64.199837,23.970963,67.046776,40.176601,52.810341,16.55714,9.918103,80.02401,32.04134,13.147205,16.388327,44.434296,27.729021,38.031834,10.949169,35.03233,41.548443,44.744442,22.429028,40.748695,33.116295,22.390072,20.483341,29.771254,18.369005,84.558235,42.958576,33.340717,44.834705,28.924183,33.363243,111.702011,8.404973,39.364975,18.249886,63.061291,38.314972,17.652197,45.734943,53.868217,46.400276,20.744305,24.555679,18.814611,19.939281,30.584461,38.787502,58.886742,56.894135,19.174553,7.457792,38.80127,68.224731,67.197807,12.783896,48.872231,31.286402,22.342367,21.380272,9.554877,31.215755,24.212303,16.489326,39.61116,31.576073,30.812492,19.408155,21.58474,18.843349,41.17812,26.957825,46.857777,22.981453,34.266476,36.200001,45.874313,15.676511,27.396797,23.932926,22.116858,18.443924,9.087757,51.432045,80.126175,19.562332,53.206242,8.26,15.796198,34.592567,7.291907,22.630152,13.272459,32.863251,19.980631,43.759014,45.271576,53.490456,11.941969,14.3
"23",17.6875,19.14472,36.935928,43.687046,69.10714,85.843689,46.129143,69.670692,17.744503,51.825165,29.332981,53.160271,27.135487,65.143311,22.850779,69.186378,40.411652,51.434715,16.513817,10.972686,81.689568,31.845499,13.941782,17.431015,48.939217,27.541178,39.646305,10.47104,36.676338,40.582047,46.849644,21.879295,41.344456,33.464596,23.423218,21.99844,30.776451,18.289562,87.958954,45.242809,32.769299,53.803513,25.291088,33.423237,113.00222,8.602088,40.695103,19.633406,70.712379,37.99271,19.55134,47.761204,51.747215,46.331753,20.213331,24.200346,17.969669,22.946575,31.355114,39.969997,65.44529,54.898884,20.396549,5.947233,40.246212,71.759293,68.186356,12.209472,48.050205,30.89348,22.19945,21.317726,10.211877,29.709459,23.850681,18.527723,41.302094,35.254211,31.988823,19.148821,21.671148,19.928507,41.474361,26.560095,46.814308,21.474236,34.615402,35.290001,44.46981,14.938382,25.224075,24.012308,21.918432,17.484591,9.35117,47.385109,80.749016,16.396076,57.308811,7.27,15.712226,34.257954,6.704916,21.565428,12.848048,33.291706,19.151817,44.218151,42.356003,53.940563,12.391912,14.75
"24",17.5628,19.720997,43.293518,46.719036,78.033211,97.237068,47.888195,75.219849,18.853355,53.057697,29.548847,55.643539,28.247995,63.862072,23.975422,75.416946,43.447899,51.68541,16.61195,12.662864,88.351814,36.119946,15.189549,17.323925,51.680984,28.368713,39.371109,12.768161,36.526882,41.183262,49.831051,25.480036,43.548336,34.75724,26.67716,23.277851,34.40604,19.15873,89.783386,48.419899,45.729401,61.780098,26.242012,34.976299,124.923843,9.981892,42.187412,21.299809,79.000008,46.391468,19.879671,51.054771,58.461506,46.450184,21.369833,27.05056,18.889904,22.912479,32.387913,39.567448,71.606476,56.407719,22.535042,7.144279,42.919006,77.188423,72.315353,12.279777,50.465179,36.1651,24.60042,20.747507,9.775599,32.863819,24.162991,19.204296,46.600403,34.90826,36.079029,20.479633,23.623972,19.834389,46.708031,30.824129,52.78672,27.127768,38.247829,38.200001,47.062946,16.194382,29.187193,24.960768,21.801102,19.344309,9.324828,49.372608,84.150154,17.311722,61.207943,8.02,17.823898,37.231609,7.88028,23.827835,12.524908,33.026447,21.584784,43.308708,46.517063,62.690601,12.347656,16
"25",18.3668,18.76158,46.612972,49.223724,78.94632,93.586586,49.320572,80.165443,20.601246,53.189369,29.098829,49.882626,28.030331,61.291279,22.966579,74.016045,43.794872,49.947243,18.028503,12.369159,91.011833,38.309635,16.584389,17.678144,47.125698,30.628168,39.956722,13.141442,41.86742,41.345127,51.139797,26.468285,40.667671,36.017437,27.908148,25.887257,35.713047,18.389536,87.186699,47.702129,38.606514,64.512001,28.501545,36.200626,118.917809,10.563936,44.379436,20.299372,77.856483,42.372757,18.511625,51.099888,63.540932,48.293373,20.308222,27.283037,18.867081,21.801527,33.853813,37.182686,78.697891,64.226204,22.383747,7.495793,47.067722,79.970062,69.373451,12.615673,53.98637,37.889999,24.438501,22.149683,10.276281,34.160843,24.1611,16.790689,46.678944,33.919823,35.865997,19.94334,24.272619,19.151726,47.596771,32.32753,52.245441,27.973499,36.234783,40.68,46.38155,17.147516,29.91589,26.099215,21.940308,23.873484,9.386292,49.534485,82.008278,18.099009,60.894318,10.54,18.553696,41.119495,7.924801,23.674162,11.434527,37.544601,22.30739,41.497314,44.280849,66.326263,12.989381,16.559999
"26",18.8868,19.982992,47.482883,51.190647,76.848206,89.588417,50.256645,84.389603,21.865438,57.308186,31.073334,50.063786,28.249647,63.47839,25.173721,71.383766,44.59037,51.807121,17.215664,13.854465,94.301186,39.801445,18.655128,17.836121,45.374626,34.737961,40.131729,13.677437,41.91724,42.169346,51.050159,29.111441,39.925529,40.530041,27.812,26.675001,38.432926,21.268457,86.897102,42.428024,35.458672,65.975845,32.578331,37.787708,120.974579,10.778069,46.196102,21.156015,82.116531,42.384792,19.768452,52.093792,66.658707,44.770638,20.942854,28.278769,19.568365,24.021095,34.396511,37.865791,81.420319,64.473976,23.62027,6.555257,47.383072,80.043633,73.15023,12.54253,52.31274,39.581882,25.317448,23.379246,12.467788,35.587181,23.041765,19.631252,47.211269,37.280506,34.234322,20.797829,26.501383,20.672625,46.214291,32.942959,53.725727,27.743549,42.83757,42.049999,45.401463,17.271839,30.728468,27.335051,21.623226,26.050951,11.590182,46.162041,87.596542,15.882628,63.569069,11.13,22.324316,41.363041,8.147517,22.826488,11.415228,38.943951,23.729553,44.665524,49.611912,64.979492,13.299178,15.98
"27",18.8238,20.377665,49.765446,52.781792,78.598152,97.119087,49.220512,84.245071,23.019331,59.261871,30.579708,49.583229,28.748264,63.822285,25.616901,71.413406,45.782616,49.96048,16.197123,12.812158,95.844582,39.298492,19.239077,16.76446,43.181446,34.803047,41.633099,12.767755,44.159847,42.544392,56.099373,27.569601,40.93829,39.927742,27.398817,26.990164,35.595238,22.047922,90.428261,44.315407,33.621632,68.804626,31.553135,39.054073,125.033997,11.039789,45.581394,20.994778,84.521431,44.839439,19.665901,54.479424,67.335579,45.145153,22.58847,29.519604,20.066868,24.66626,34.15831,39.501862,79.813683,65.483925,23.854939,7.030275,48.481918,84.980171,72.166756,13.886937,54.452686,38.281303,25.097712,23.313614,13.882444,35.079048,23.182718,19.744526,47.175209,37.160786,35.983772,20.294249,25.952898,17.639324,43.646832,32.804932,54.849007,26.520517,46.049564,44.110001,47.793655,17.084295,31.223486,27.918161,22.012157,27.999516,11.087876,48.068596,90.012657,14.727433,62.319614,11.47,23.477901,44.202873,7.91575,21.804535,12.192333,41.45919,23.479109,45.597351,50.111996,65.313927,13.675362,15.63
"28",19.1622,21.825138,47.905582,54.125427,77.007286,106.474838,51.191692,81.074364,23.045689,59.384933,32.527855,53.244282,30.252296,65.684364,27.108084,77.081993,45.833828,55.41608,15.959916,12.669147,103.151215,39.10878,20.466967,19.231775,42.395702,38.632908,45.386784,11.762042,46.70293,43.716415,57.197952,28.708601,42.562202,39.937008,25.152306,25.718996,37.883125,22.502172,92.477509,44.950176,29.804037,65.329834,32.438133,41.375553,137.675446,10.699923,45.79327,22.089092,92.448593,47.40929,21.077932,56.030533,63.863316,47.686466,23.291048,29.31016,20.856043,30.877836,35.549419,39.759987,80.516182,64.547279,23.789215,7.723803,50.17812,84.657051,76.440102,14.709398,55.23418,39.063232,27.080402,25.13726,14.338559,37.433144,24.195393,20.351524,51.293816,39.371552,35.795109,20.638361,26.5488,19.181892,45.325554,32.884598,54.588512,25.922794,48.007973,44.98,49.423618,17.02178,33.646683,28.102932,22.98455,28.382931,10.364563,51.126278,94.282944,15.045169,68.753868,11.32,23.646669,47.732162,7.728553,22.259691,11.342828,45.155663,23.77146,47.842876,52.423695,61.734436,14.494112,16.24
"29",18.3422,21.913212,47.453663,52.939255,82.553001,93.469414,46.240173,77.661827,23.333899,60.083981,33.531174,51.391045,31.857037,68.903503,28.356295,78.526047,46.772694,57.23204,14.777848,11.99615,108.011642,37.060349,19.368652,18.846945,42.975525,40.78022,47.717152,11.254397,49.754627,44.510628,57.684204,26.980387,40.728756,38.57489,24.613001,22.546,38.843536,22.303019,90.515251,42.417843,27.268541,64.386406,28.541361,41.946404,137.807388,11.361691,45.492455,22.279673,87.239311,48.977913,21.006525,55.013847,65.306526,48.211525,23.620356,28.650721,21.69199,29.977608,37.713642,38.826256,74.025055,64.065811,21.877016,8.018313,49.795742,80.07991,76.095993,15.446748,57.132992,35.220131,26.524809,24.945135,13.434625,36.491714,26.957232,16.988794,50.336613,38.971962,36.528915,19.68244,26.890741,19.678217,40.645035,32.114487,54.658562,25.876999,45.519535,42.98,51.409561,15.978538,32.01862,27.91275,23.298225,28.591089,10.523339,54.444767,93.769096,14.426873,70.310532,10.2,26.206362,47.109085,7.577527,21.61898,11.420055,44.898834,23.618847,49.341312,50.92345,64.456413,14.42035,15.81
"30",19.1622,22.06839,44.77187,52.974815,78.821953,91.915146,47.681206,78.277901,23.145582,57.49239,31.381199,49.218739,31.070545,71.252678,28.589727,77.661964,46.843891,56.577133,14.439574,12.080511,106.156372,35.08905,18.791222,18.553902,40.70224,41.162998,47.98299,10.50666,51.290447,44.700539,58.100204,26.189819,39.334343,36.174961,24.344051,23.286945,37.801891,24.456442,91.821404,43.342552,28.05311,60.507595,26.551128,40.371109,140.160873,9.59166,43.902058,23.064751,84.540718,50.625351,21.87384,56.983837,63.688896,46.395515,23.508091,28.883463,22.016132,29.806835,36.71138,37.289841,70.123398,66.590614,21.124823,7.277285,50.21793,80.882065,76.958763,15.46273,60.685753,34.606663,25.77763,24.714598,13.428381,34.546085,26.316133,15.850369,49.917728,39.063499,33.328106,19.211407,27.346666,21.046217,41.129021,32.302364,52.197964,23.733614,43.028416,38.599998,52.984871,14.15729,30.792892,27.003376,22.919527,27.804667,11.08447,52.475254,96.496025,13.40497,69.253479,7.48,26.813665,45.641895,7.452279,22.474749,11.029034,47.467831,22.873745,49.269958,48.932556,65.817398,14.545745,13.8
"31",17.789,21.718807,41.58194,47.205276,72.525215,93.149681,41.611919,81.874702,21.689053,61.526699,31.750425,50.714363,31.708017,73.077942,27.861691,75.354729,45.776123,55.105721,13.951642,10.764478,95.514977,34.882088,19.691959,18.696238,44.676155,38.871174,46.442341,9.308365,49.634953,44.154541,55.323624,24.402794,39.606888,35.785782,24.239944,22.813513,34.757088,26.312754,84.105888,36.318157,27.4599,59.450157,26.753674,39.459156,135.344421,8.463374,51.070621,22.715801,79.779007,50.153381,21.213408,51.858212,58.137657,46.020092,22.200787,27.736277,22.037819,29.349461,37.035923,33.834843,64.307915,62.281185,19.677509,6.526755,44.788761,71.2202,71.443306,15.646524,52.95018,32.650486,23.492901,26.017841,12.524224,32.530758,25.818169,16.99859,44.006065,41.743187,27.219822,18.757196,26.039049,21.085979,37.879414,31.151894,47.828033,22.528536,41.963531,34.400002,46.989067,13.924027,28.663454,25.506699,22.903633,27.403221,8.699092,49.192741,92.267258,13.766196,66.704643,7.37,25.759567,43.191441,7.192835,23.684927,9.619017,45.673294,21.987179,47.325722,44.063831,66.924309,14.05892,15.88
"32",16.6218,22.222416,36.210381,42.812252,71.53038,82.888,39.765556,71.006065,19.476391,59.902374,32.226471,57.107235,31.50153,76.91568,26.812748,73.34491,47.377773,56.463352,10.325882,9.743709,92.204666,32.389896,16.898659,17.018789,45.111835,37.503326,46.136063,7.841721,46.613174,45.527737,52.474689,19.107847,38.754597,31.560431,22.744028,16.63917,31.537703,26.371325,76.206444,32.075287,24.235514,56.938084,25.223122,38.340286,141.224197,7.115652,50.331661,22.156858,70.483101,42.191494,21.574953,48.566818,55.151836,46.775116,21.608967,28.427914,21.013803,29.421213,34.354321,33.133514,55.659744,61.638798,18.172974,4.560179,42.85194,66.544853,65.9198,16.157373,48.253689,30.291325,21.965767,25.794443,12.658174,31.646427,23.573111,14.557631,41.125351,37.831844,25.114708,17.699322,26.242134,20.267334,30.676989,29.990128,44.171993,18.352459,41.097191,28.200001,50.372276,12.491028,26.310764,24.129999,24.048019,23.954483,7.652718,50.094097,87.682381,13.507595,67.164429,5.91,23.576073,36.993771,5.96855,23.138523,8.330198,43.73151,21.220919,48.714489,46.545372,62.780243,12.650078,12.36
"33",15.1166,21.642624,27.072916,39.319931,70.189308,72.843681,35.289265,54.290733,16.573574,57.006092,32.719517,57.676571,31.048031,74.712257,27.044439,66.427971,44.120022,54.652744,8.953164,8.104646,84.732277,25.974005,15.239472,18.041777,42.815647,34.046238,41.671883,5.874092,41.826199,48.127949,51.109962,14.393044,35.087303,27.94664,21.01862,17.421692,29.459671,27.530535,65.630821,28.827694,21.001562,43.650654,21.972811,36.406208,137.045197,5.711774,49.872589,21.756718,58.424294,33.615181,20.788073,40.755375,43.690788,45.640697,21.639318,28.923065,20.8417,30.021484,29.667904,27.890652,49.288044,60.351017,17.634989,3.752647,34.716629,57.210629,61.946121,15.842463,46.089252,26.85511,18.450476,26.19586,11.27037,29.995075,21.859777,14.310891,37.056805,38.208241,21.830187,16.367025,23.44309,20.0725,25.312223,29.531918,42.454094,16.554104,32.836304,27.790001,46.102352,10.713041,26.938774,22.014442,23.970921,19.20274,6.435528,49.696236,83.648094,13.361054,70.234459,5.04,19.264795,30.866894,5.330346,21.651047,7.769698,42.590267,18.89509,44.252506,44.762058,54.683388,12.023106,9.11
"34",16.0427,23.007528,30.43935,46.922443,78.112991,88.69516,41.106735,66.77951,19.716072,58.030899,33.018253,61.231537,31.207594,78.991493,26.48563,70.876442,49.878204,55.253418,10.612191,9.941586,83.375816,30.239176,18.852114,20.747198,47.800911,37.40266,47.176163,6.555563,44.219685,49.163216,55.055485,17.599787,37.505589,32.320251,22.578459,19.179665,29.737341,31.313946,79.352394,36.85717,23.623169,53.309124,25.63052,40.405869,156.996201,7.780889,52.94091,23.18049,75.943413,45.650692,22.674976,49.264431,56.815823,49.879391,22.581717,29.469336,22.006712,33.295704,33.063164,32.805641,58.777355,63.059502,19.29595,4.921193,41.369408,73.903488,69.870872,16.82757,51.018867,32.066563,19.926125,27.829853,12.946954,31.587465,23.636778,16.764673,43.31905,42.398766,23.153229,18.264284,27.256792,22.617067,31.210503,32.164364,47.643009,18.195679,35.385906,34.599998,50.770111,13.357457,30.777613,25.937489,25.669901,23.162527,8.473445,51.784996,90.976692,16.036268,71.192245,5.59,24.397665,35.393559,6.346078,23.164619,8.262551,44.31715,21.585447,48.262836,50.802864,66.575203,12.546812,10.85
"35",14.9172,23.297949,28.42794,48.821941,82.353447,86.281914,44.988422,68.718323,19.388548,56.314419,34.235123,63.109802,32.203976,81.874229,24.88628,66.844734,50.807503,56.051991,11.146589,9.235724,84.57869,26.942099,20.210772,21.247093,46.272682,39.340523,44.77169,5.231714,44.109985,50.812759,49.32811,18.643764,36.260761,33.219067,22.64459,19.189541,30.409256,31.420424,80.564545,34.732971,22.302795,51.529259,26.833263,39.448425,171.909286,7.764678,49.987682,24.756256,80.813461,47.11219,23.327398,47.377762,58.602901,51.796474,22.327469,30.067011,21.945896,33.164715,33.648968,30.866264,56.578842,65.772087,22.040712,5.804727,41.210495,75.354233,67.932274,16.23086,50.885826,33.467033,18.239103,29.22967,13.319528,33.124104,24.335991,16.578402,40.477432,38.071373,22.813763,17.920046,26.874022,22.577162,27.158981,35.513161,48.086529,16.769865,34.8778,34.07,53.768791,13.886683,29.443949,26.989429,27.223946,25.01235,8.441686,52.620701,91.27198,16.131464,73.153938,5.99,24.61508,35.69083,6.582426,22.418812,8.098267,45.037453,20.381226,50.488132,50.39584,67.215782,12.059987,9.18
"36",14.1994,24.015463,24.541088,49.002258,84.667648,78.838715,40.115036,62.314461,18.808052,57.701469,34.629318,55.274483,35.360565,85.997093,23.991596,68.109886,53.553246,56.79681,10.317587,11.440667,82.939301,28.925566,20.836159,20.684143,44.973183,39.688587,43.960876,5.347119,41.886036,53.615383,47.940166,17.94162,38.896122,35.331486,24.133213,18.28059,29.814056,28.919344,81.109383,32.692856,22.19755,47.233589,25.479128,42.021404,172.176041,8.494137,52.969685,25.083736,76.928635,47.88718,22.477217,46.749752,60.546478,52.881126,23.298229,31.9716,22.936327,33.118465,34.223999,27.487436,53.463383,68.086525,23.298344,5.994735,43.519539,69.410004,69.575157,16.385828,52.143036,33.891304,19.280235,30.579824,14.012321,34.778942,25.009621,16.553608,41.924019,41.796112,25.197275,17.091665,28.146955,22.706755,26.002649,38.066628,51.155693,16.372126,31.310612,30.33,54.715092,14.658165,24.090502,27.496399,27.009134,26.184246,8.756674,58.34528,96.135101,15.646828,71.455872,6.29,25.753067,35.434765,6.943602,22.75185,8.277102,46.95998,19.077406,53.163895,49.78056,64.122673,11.543656,7.96
"37",16.6692,23.326658,28.825138,52.329185,92.501801,93.151863,44.239334,68.572365,20.138725,60.042507,34.389877,56.628483,33.81205,84.899948,26.900843,71.473457,55.810883,57.082615,11.206758,12.125224,89.947121,32.682407,22.308556,22.535055,44.613186,41.272026,46.90329,6.857008,44.708359,51.933807,51.040459,19.979361,38.315445,36.650528,25.578054,25.191423,30.0846,29.944128,88.859985,38.564831,24.025021,52.864021,25.505852,42.620487,175.441299,9.850134,59.702717,25.30183,81.91217,50.716793,25.100637,52.189423,62.857277,54.296955,22.991533,30.401592,23.378405,34.357841,37.62627,30.350212,52.992756,69.281616,24.760077,7.077777,47.537884,73.442612,71.8946,15.064522,51.759632,38.105236,23.188509,32.280544,14.038063,35.291561,25.912291,16.937332,47.596462,41.51865,23.853069,21.791451,28.317963,24.502182,30.361134,40.194519,52.562904,19.026815,38.074799,36,57.204288,16.763857,26.554018,29.020863,25.794415,28.080746,9.296654,61.72551,95.505585,17.062162,70.555382,7.6,27.02459,45.6497,7.015837,25.880671,9.263391,47.988506,20.76482,57.32827,53.57785,75.400284,12.679583,8.19
"38",17.5861,24.386375,28.938959,54.047401,98.21521,108.344948,43.65633,71.048508,18.867931,59.12429,33.077484,54.740253,33.808052,85.694801,28.185762,69.477188,54.848324,56.861645,10.137349,12.698542,91.016541,34.382248,23.129065,23.110622,50.062511,44.16201,49.475769,7.674296,43.990311,51.583157,52.156193,23.040264,39.253456,39.561844,27.512457,27.198433,30.099802,33.259865,87.403099,40.311176,27.95743,56.849503,27.953571,42.262596,191.695679,9.695078,70.945374,25.438915,85.68882,48.229713,26.520029,56.768005,68.786537,52.279404,23.914009,30.764862,23.010241,38.39994,38.508663,30.706659,61.106388,75.248657,26.190495,8.379328,48.226524,82.118576,73.699516,16.06942,53.776684,37.283001,26.108829,34.783421,13.986578,34.87981,25.318485,20.845947,49.983913,45.310654,26.796267,23.060556,27.968359,25.428171,32.941181,43.073967,53.098171,21.284086,38.449066,37.849998,56.787846,16.682171,27.532969,30.781044,26.144972,30.473036,10.547607,62.130253,98.023628,17.261871,74.015793,8.55,28.372025,49.106087,7.341132,28.000687,8.688146,51.657833,20.964918,59.962486,54.906857,71.108757,13.159031,9.64
"39",17.9413,26.402416,28.512131,55.390194,103.47113,107.86869,45.279015,64.017807,19.325933,60.121208,34.061775,47.522522,34.695469,84.67627,29.155727,71.205429,55.34964,57.630516,9.592175,13.299898,95.974709,40.287861,24.058609,24.176741,51.457798,47.373108,54.124939,9.214933,49.161488,51.805073,53.883842,24.450136,40.720287,41.248329,30.106882,27.536543,30.399349,33.409992,89.446014,41.029613,29.497864,56.585613,28.365705,43.256599,198.229187,10.911043,78.414749,26.092884,78.604927,47.840107,27.517393,56.619423,69.303314,54.517849,24.414333,30.861732,23.019007,39.613094,41.198891,31.9238,55.575287,76.482796,28.959045,8.407829,47.412956,77.309052,75.503838,16.259052,54.918575,37.097733,26.747046,37.728748,14.312826,35.85886,25.697144,23.326757,51.588707,47.085224,26.711843,23.512724,29.393669,25.636211,36.13446,45.835487,57.531937,22.405767,40.658154,42.32,58.610775,16.235491,27.448252,31.677023,26.897816,28.503843,10.322996,62.093708,103.615166,18.364616,78.092422,8.1,32.285477,47.129608,7.703657,28.459425,7.972196,54.773827,22.265562,64.434334,57.109207,73.295876,13.79338,10.95
"40",18.0506,26.962769,27.68693,55.03635,114.525696,104.085556,45.591404,67.87188,20.017429,61.829929,33.838295,44.167122,35.660427,84.115211,27.024405,71.939026,57.140232,56.879116,9.966525,11.989862,96.395943,37.905762,26.573009,24.417475,51.166374,41.74292,56.518093,7.809102,46.146915,52.840683,55.364269,23.045624,37.417671,40.617077,29.471937,26.359089,31.824461,34.799217,85.827713,37.630192,32.559593,54.427368,27.622068,43.593628,191.778748,10.818021,76.378357,27.019077,75.294983,44.143375,27.468342,58.077393,65.881378,52.477886,26.091331,33.027512,22.845249,41.01606,40.122795,32.259449,49.15514,77.061569,29.171137,9.348366,47.20203,80.180138,70.31398,16.663055,56.896645,33.867336,26.758945,39.628963,12.774654,35.169147,25.096548,25.553577,51.823532,47.203526,28.351967,22.540136,30.189543,26.447094,32.664368,47.183857,59.540081,22.507738,35.528858,39.369999,60.481533,16.591013,27.73045,31.045361,27.07119,26.38179,10.68489,64.962242,104.573227,17.571335,75.839096,6.59,31.78087,49.208454,7.286753,28.247702,8.010896,52.181042,21.687943,66.112587,55.169628,70.264717,12.200134,10.63
"41",17.2066,26.845459,24.409245,50.829735,123.845741,87.45961,40.917439,58.140347,18.883879,60.683304,33.307533,43.712933,35.700336,77.718704,24.68824,67.060562,55.570156,55.077301,9.129272,11.330507,94.671806,29.2363,23.839966,22.377508,51.418171,38.757221,52.406666,7.086825,43.831085,54.82909,51.842514,19.231047,34.882877,43.066723,28.447367,23.380829,27.894907,32.279388,86.70311,33.086452,27.919159,44.329895,28.714859,40.873928,179.413879,10.399418,75.560928,27.278784,65.431183,39.4133,25.70507,56.51157,59.658844,59.031284,27.090269,34.058086,22.252439,36.6091,38.498363,31.100426,41.198303,71.326378,24.768122,8.892347,42.840427,75.103203,65.008972,16.84853,53.319817,30.887423,25.789419,40.453671,13.269999,33.917053,24.236841,23.760344,50.712643,40.24334,25.80756,21.426598,28.862825,25.659798,26.216623,45.216984,55.14101,21.293869,35.253582,32.02,60.025715,16.86236,24.966837,29.738798,26.674906,22.544842,9.40017,63.834373,96.022987,14.23313,74.545471,5.84,30.390812,42.452209,6.842479,25.920074,8.736521,51.8279,18.225548,63.958225,53.51368,71.205513,10.94619,8.49
"42",16.2957,28.009827,24.980221,50.994114,126.434631,87.423531,40.751217,59.666248,20.212711,63.91151,33.53376,45.276882,37.409069,77.014069,26.096214,68.973694,53.585377,59.603115,8.142965,12.986307,104.656227,31.511702,22.737482,23.07897,51.666782,36.747799,54.640728,7.887106,43.920921,57.523148,50.67128,20.347509,37.749714,45.695389,29.681122,24.627844,27.035757,30.702488,89.250557,34.513126,30.703421,46.656078,26.589169,43.96014,177.181061,11.384367,76.380974,30.430626,71.270508,32.845936,26.786779,58.136597,58.332451,62.529037,28.271555,36.348255,22.942575,35.30698,39.538597,29.739452,41.057812,75.01329,26.362478,10.165398,40.606003,70.637802,66.954025,17.214985,57.893978,33.066502,25.013796,40.901463,14.06573,35.657097,25.886786,24.648317,48.102047,42.214306,24.473347,23.339224,29.088457,20.821011,27.106665,48.561981,54.862701,22.510927,36.846474,34.990002,65.272964,16.624088,28.013414,32.21809,28.027557,23.142176,9.873529,66.947128,98.796112,14.965269,81.974998,6.31,31.307663,46.179585,7.061438,27.163244,8.930325,54.565872,17.476425,58.558678,56.48296,76.352234,10.776538,8.04
"43",17.8698,29.034725,24.180853,53.012325,128.345245,86.512398,41.792305,65.503258,20.737013,64.701286,33.960037,41.506142,38.385487,77.736107,28.727928,69.859505,56.947247,61.067612,7.385762,12.439701,94.917946,32.014557,25.08066,22.256268,53.851013,34.337116,54.355488,7.077183,40.207607,56.359612,51.540462,18.724669,38.393845,46.298378,30.009533,25.796352,33.232594,34.349056,87.974304,35.235268,29.918852,46.883026,23.499708,44.663052,189.772003,9.926657,79.880898,29.396891,72.317505,35.974552,29.041031,63.301178,60.625504,66.753242,30.43771,37.336666,22.067877,39.474419,40.029823,31.767036,44.563553,76.899818,23.663548,10.73542,41.257393,73.7985,66.705208,17.539795,60.081223,34.200706,24.842363,42.187672,14.197762,36.534855,25.754786,26.567211,49.420784,45.994816,27.561607,20.737362,30.185507,22.142189,26.829762,47.819664,53.412197,21.972076,34.492214,33.919998,62.339348,16.175035,28.543976,31.802227,28.587439,23.95672,8.981727,75.844643,94.280182,13.967,82.993217,6.21,31.957121,47.930687,7.280397,26.168709,8.901266,47.654194,17.379164,59.208096,55.355785,79.256538,11.617418,7.63
"44",19.012,28.697567,24.524658,53.720314,137.063187,88.030495,44.718407,66.779678,20.4291,64.736885,34.512875,47.302254,39.597694,78.46183,28.811398,70.108643,56.173485,60.028988,6.835069,13.453568,95.747475,33.028347,25.708635,21.691208,57.233257,36.574837,54.911194,7.703909,45.687744,54.476147,55.960327,21.685127,40.702435,46.609295,30.401751,26.459829,32.937855,35.126682,85.373062,35.319069,32.846634,48.848309,24.257896,45.871449,191.561157,11.684244,87.37986,30.21068,70.638992,36.770672,29.270788,65.158028,59.619461,65.464127,29.410278,35.516975,22.443274,41.377224,40.714577,33.265816,47.748013,79.374207,26.56436,12.996509,44.054169,73.856476,68.488335,17.149319,61.199986,32.848385,26.543896,43.73748,14.576251,37.684101,26.552229,32.269836,53.922676,49.359329,28.201094,22.646456,31.058077,23.177891,29.392185,52.275291,56.177704,23.431498,34.861507,31.049999,60.986835,16.526838,29.914463,32.716335,27.342327,25.334873,9.682429,77.395523,95.861206,16.707861,84.694626,6.21,34.707764,50.662773,7.737334,27.548779,8.668626,50.648319,17.949575,58.185379,55.85191,80.635796,13.151655,8.57
"45",18.8089,30.019917,25.384167,54.915119,142.648026,83.588631,42.558308,66.733551,18.873724,64.113991,34.969185,52.649956,41.801975,80.443329,29.819901,72.917755,54.716084,61.34655,6.960703,15.850859,102.12999,35.998589,27.859653,19.795521,56.679592,37.707977,53.554897,8.524487,47.085224,54.484558,55.403801,22.591009,41.168491,49.256802,30.84844,25.934332,33.56419,36.838844,82.575333,35.416416,31.373175,53.382187,24.647837,46.642654,193.802658,12.418635,87.624176,30.863897,71.981781,35.897591,29.545671,67.457611,69.626305,66.546188,30.261122,37.692329,24.659891,41.939137,40.849751,33.851139,50.855221,81.325035,28.205976,14.725576,45.334412,77.180847,69.119667,17.914688,60.779118,33.70092,28.653795,42.782303,15.441064,39.964054,27.40225,32.233799,54.432564,47.097488,28.733871,22.420252,30.839937,22.594635,32.369987,55.609856,57.027237,26.317379,39.109222,33.349998,61.920582,17.59606,29.734882,32.825005,27.634289,26.928549,10.176617,77.736755,94.889923,16.725374,86.676346,5.98,34.815704,52.508648,8.021861,26.601288,8.503787,51.893013,17.68277,60.577808,56.176296,84.255196,13.262297,8.8
"46",18.9237,28.889431,24.638758,56.284554,136.584213,84.830544,42.699375,64.150192,18.619041,64.890259,35.46125,51.296585,42.877666,76.103333,30.98756,70.244598,56.105728,63.046906,5.650982,15.091804,94.057022,37.339489,27.875587,18.895723,56.929634,41.776302,52.901665,8.997534,50.908344,55.241405,60.09053,23.226761,39.423058,46.279533,30.098001,24.982975,32.44968,36.17308,89.767242,38.381058,33.420708,52.974327,24.339512,45.950886,187.329254,12.515632,78.195808,30.301014,66.043243,41.466953,30.636869,72.582397,63.280037,67.646263,28.087114,37.329891,25.105833,40.772743,41.351803,32.237068,49.47308,81.577599,30.350815,16.473644,44.366608,72.637543,64.798645,18.225882,62.84687,35.348091,30.142975,39.76395,15.770735,38.767372,27.460508,32.28854,56.13501,48.454594,29.239559,19.584007,31.137033,21.754269,36.990032,56.540218,52.924759,25.321283,35.516701,31.85,66.497032,19.024759,29.433336,32.434528,27.811922,27.374777,9.243151,79.765709,97.01828,15.129052,85.179237,5.43,31.049513,54.562576,7.728155,25.510778,8.552268,52.445564,18.777475,64.346764,56.859318,80.002991,13.417196,8.36
"47",18.213,28.6689,24.178759,56.759506,146.481934,89.435303,44.653202,66.336403,18.09988,68.525185,36.266384,44.257164,43.682323,76.999023,32.788528,71.16349,58.356049,62.6255,5.30009,15.98481,96.814491,36.801975,26.162739,17.272301,56.702576,41.298203,52.835503,9.51885,52.17606,54.339211,60.471786,23.142435,38.191589,46.788307,29.680763,23.278465,31.488997,37.104683,87.508926,39.068092,31.698484,50.498348,24.38147,45.115993,181.169586,14.066607,77.228172,33.195835,62.906685,43.565948,31.509872,74.945389,65.663315,64.941139,27.713594,36.895046,26.927448,44.630451,43.244263,34.449501,46.964401,82.265022,33.828316,15.970124,48.730888,76.249069,69.320259,16.764717,61.54628,36.272972,30.844652,42.468784,16.064766,39.26152,27.973129,31.14958,56.354679,46.398453,30.205784,19.50131,32.225872,23.206459,34.209347,60.209259,51.051476,25.32198,31.822075,33.130001,68.86647,20.245371,30.475058,33.3321,25.350466,28.249828,9.958976,82.242325,97.93174,16.805092,90.189354,5.97,34.480289,56.045452,7.460821,23.990091,9.240716,50.937756,18.879326,61.565842,57.318554,85.133888,13.837636,8.42
"48",18.2472,28.889431,24.955009,58.740028,147.730469,98.719589,47.080105,64.187553,18.072399,65.715965,35.762066,43.983265,43.931732,78.03405,33.210636,73.041519,57.442154,62.957794,5.869773,16.267479,95.572647,39.391014,26.348686,18.19902,53.145752,44.281544,54.328884,11.219623,53.363922,54.322182,62.191257,24.266764,39.416744,47.631165,30.732765,24.587063,34.367672,35.096542,89.64949,40.197281,33.774719,55.88306,25.011551,45.608955,188.966537,13.817788,70.220261,30.026981,64.54557,46.213043,30.762239,74.520844,68.020439,61.865074,27.372553,36.184238,26.602804,40.274384,43.302322,32.4659,50.232315,81.374474,33.294037,17.252676,50.355515,78.950035,70.756912,16.356859,62.358292,38.338715,30.932364,40.658546,16.736418,38.479939,27.981968,28.172873,56.002022,45.892353,31.789808,19.342905,31.539631,24.674276,39.147289,57.229794,53.024788,26.441183,33.763947,35.349998,68.918762,20.672373,31.731272,33.126942,26.339121,28.075842,10.143062,79.834328,100.500778,17.462721,91.746704,6.34,36.587162,62.973778,7.774766,24.071199,9.939693,50.999756,19.277468,60.941738,56.907154,87.978195,13.881892,8.95
"49",20.184,31.273834,25.41501,63.154549,155.721085,104.623627,50.893806,72.292046,20.179169,70.964668,37.403614,40.687363,47.824303,84.297302,33.798519,78.506317,61.462559,66.388588,6.800699,17.73074,100.003326,42.439823,28.207739,18.56971,54.259502,46.318127,55.78006,10.939373,58.235153,58.528316,65.827026,27.270254,41.618336,51.543827,31.540775,28.524563,37.107056,34.308456,99.159843,41.842163,36.195404,61.676865,26.052559,47.499641,203.39325,15.321629,60.102276,30.715345,74.369377,52.553104,31.61068,76.435989,70.650406,63.424614,28.613346,36.893719,29.707117,41.095959,43.079762,33.79528,63.700954,76.59552,35.952179,19.703772,53.014679,86.291855,73.628624,17.36801,60.014549,40.870346,34.413826,43.273335,20.521713,43.714409,28.329737,29.661386,57.862309,47.376347,35.058006,21.842171,32.677711,25.845827,41.730114,61.921062,56.568546,26.459837,38.024147,38.880001,69.398033,21.795567,33.816849,35.821075,27.813837,30.777203,11.146322,79.148972,101.345558,18.280313,95.101357,7.56,40.11607,65.842529,8.679667,24.738092,10.881247,51.911804,21.70487,59.910336,59.845047,94.580643,16.057854,10.6
"50",20.6514,31.190758,24.577484,65.256256,155.681412,106.017136,50.763218,72.384583,21.145948,76.032928,41.247433,38.158611,49.135845,85.521317,33.678947,82.261612,64.172943,68.902237,8.295946,18.128168,96.848526,44.126591,27.934113,18.626554,56.874416,45.319351,58.947979,10.86216,58.354935,59.618793,68.210373,27.797216,41.017853,52.223042,31.767166,28.613827,38.267948,37.488697,103.049995,42.3657,36.367622,59.04044,29.270508,49.158009,212.240326,16.046469,58.582531,31.152103,69.364799,52.297356,34.533352,76.103706,72.369987,64.177185,29.5345,39.364014,30.997549,39.220009,43.101219,36.191792,63.074944,78.627632,35.914528,18.221714,56.487171,88.096596,72.710686,18.390064,61.114616,40.017586,33.368908,43.18158,22.40535,42.175961,28.677504,29.879215,56.637463,46.509968,37.188251,21.786797,34.2066,26.142912,41.542049,63.383038,57.108601,25.779379,38.30442,36.720001,73.375961,21.80884,32.607407,36.129711,28.971319,30.824755,11.763005,85.251015,103.806427,18.538034,94.376846,8.38,41.721867,64.528458,8.670435,25.260939,11.356876,50.256947,22.784992,60.408512,61.850113,94.282013,17.289669,10.71
"51",20.9976,32.603065,24.577484,70.143494,162.714493,105.962227,50.020123,69.632393,22.703777,80.123734,43.976452,40.108261,51.050583,88.901146,36.423271,89.812935,70.99398,73.808952,9.882149,19.945337,98.739449,42.80965,30.453524,19.48295,61.833763,49.103172,63.984402,11.781043,62.300186,62.494267,71.982727,30.686094,45.397049,54.337219,33.496792,29.585264,44.56805,39.205101,96.107742,45.142464,37.142624,63.265789,30.988518,52.462399,210.853256,16.871288,58.74976,34.023602,66.54496,55.600834,37.092632,78.407578,74.92498,68.287117,30.176016,41.580517,32.542427,38.479034,46.177799,39.736813,68.018394,86.240211,35.698002,19.228752,56.125225,85.392525,73.964874,20.561172,65.273911,41.325207,32.851334,44.890793,26.704561,44.052116,31.361561,32.130146,56.471008,47.639156,39.46994,22.382357,34.971046,28.327087,43.788906,64.92244,60.870686,26.919315,38.00922,41.25,77.087059,24.387777,30.788477,38.450916,30.384537,31.027187,12.063576,95.456924,102.96711,18.57358,98.867882,9.98,45.015549,64.92424,9.245988,25.996962,13.095551,54.001125,26.304701,66.368179,62.991756,98.574768,18.204309,10.71
"52",21.0461,34.209076,24.519791,68.458557,176.41452,97.343246,49.697815,69.204681,22.666906,78.622253,45.272911,31.021908,49.783081,91.085999,35.034336,88.582367,69.473976,77.158554,8.539105,18.385824,97.545105,44.484188,30.998209,21.365231,63.739815,55.366253,65.077881,11.906785,66.095932,64.741272,72.47094,32.125763,47.874264,60.115334,34.393299,25.555874,46.278606,41.652061,92.007019,44.446037,39.63028,54.347725,31.181448,54.325962,230.993881,16.25853,58.765682,33.594734,75.791794,54.037498,38.694302,81.725914,69.224869,70.924431,31.178335,46.086342,32.370667,43.433231,42.819763,43.204304,68.559807,88.536499,36.321152,19.94128,53.121811,82.585892,73.829025,21.179037,70.475349,39.059704,29.992075,46.83046,25.179623,44.031338,31.335386,34.622612,59.825539,48.812241,37.985352,23.973476,35.224564,30.530466,46.184227,68.243919,62.542702,27.330441,38.74234,39.380001,81.355789,24.612032,31.217018,40.024628,31.451725,30.061035,12.813499,97.039955,105.514977,18.741642,101.029533,9.42,44.138184,61.932171,9.255271,30.076874,13.309278,56.568562,26.0937,63.160839,57.367683,100.046028,17.924017,10.29
"53",21.6319,33.977432,24.603003,73.415367,182.106812,109.919914,51.803635,67.902969,23.377016,75.732605,42.273876,32.821941,48.207161,86.793526,35.264988,92.640434,70.757332,76.780853,10.12257,19.607897,101.20697,49.548904,28.599974,21.863653,63.108036,58.200111,72.022308,13.212564,67.823997,58.239563,75.381416,33.684349,46.126907,60.344929,37.009735,26.75675,44.894218,42.970192,94.287376,48.038307,42.538925,60.442455,29.776884,55.439278,242.166824,17.579952,60.083164,32.794178,78.177788,58.955776,38.221149,86.716743,73.305626,68.705879,29.122532,41.444366,30.833128,43.088589,42.012352,40.568447,64.029053,95.582985,39.809574,20.511303,60.52821,93.471466,80.154076,20.064299,77.24585,39.856659,30.647694,48.736805,26.568405,48.115646,30.382559,36.955696,64.987068,50.990871,39.863998,24.50568,37.087273,29.698296,51.471104,73.18428,66.007057,30.077065,40.631519,37.73,81.211571,25.404379,32.169338,41.598019,29.534256,31.80056,13.165315,94.026596,105.542671,21.608433,102.432701,11.68,47.724773,66.643288,10.058956,31.934851,13.765874,59.117123,26.6457,62.817772,56.213402,94.257935,16.515173,11.62
"54",21.0198,32.318867,22.634762,74.238785,170.583267,99.656555,49.171082,66.915955,21.503889,75.787292,43.575851,28.97341,44.54356,88.977516,34.979103,93.307228,71.557968,78.313187,10.340522,22.524189,106.69487,47.915127,26.66927,21.818628,62.526901,61.246025,71.118584,12.448086,72.408859,58.735554,70.886696,34.449474,44.679897,60.411892,37.666878,25.873028,41.547836,45.333122,96.628326,48.092083,42.768555,56.713215,31.329014,55.90929,237.218872,16.300344,52.975731,32.308712,76.289177,56.851551,38.699448,85.088844,71.974152,68.384567,29.463778,43.034435,31.967979,42.680294,40.435429,40.887672,63.249847,97.958336,38.665676,18.022205,60.071827,89.386299,78.321388,20.33263,77.630257,39.119755,31.802364,48.207165,25.36466,48.549549,30.70616,38.031101,64.458633,51.961792,39.448845,25.671764,36.994598,30.671221,47.491226,72.434341,67.186417,29.589684,43.125313,33.939999,82.126648,24.662165,29.245718,42.004261,30.227657,31.976255,13.542417,92.277573,106.858467,21.805525,103.310997,14.33,47.234913,65.336769,10.301566,31.605436,12.557828,62.07959,27.47838,64.292015,58.714344,92.534622,16.693546,12.66
"55",21.06,34.077705,23.011044,77.644753,168.236053,111.353294,55.328732,75.945778,23.0061,78.980911,47.056324,29.021778,48.161819,88.150658,36.882835,97.923965,75.150993,85.281654,10.707444,23.721306,112.717453,50.952503,28.065563,21.0172,64.69709,62.04945,70.390839,14.132353,77.742882,61.781101,76.09285,39.482929,46.733719,61.846855,39.702183,27.193993,47.23481,46.258289,103.901421,50.431263,43.543552,59.820919,33.694168,58.531815,246.587997,17.225742,60.457233,34.681046,76.135284,57.833523,35.897984,90.296227,78.789818,71.551796,29.728952,42.728188,33.366478,48.330559,43.59901,42.313751,70.831459,108.489357,42.3167,15.799117,66.244553,96.769569,92.921646,21.48386,86.312088,42.244278,33.428333,50.11388,28.728334,52.387451,31.275936,41.976898,67.133148,53.08876,41.266296,26.676388,39.040977,30.30517,51.619602,73.892944,70.486107,32.6077,49.514244,35.389999,88.826729,25.385588,30.925255,45.95322,31.430096,33.622227,15.310843,101.284592,111.507301,23.086609,109.711288,13.24,51.072086,75.061218,11.458626,29.13483,13.473604,69.066856,29.738722,67.923096,61.652172,92.875046,19.812449,14.9
"56",19.4774,31.007641,22.372276,74.828094,167.001358,113.774391,54.787094,75.87262,22.959455,76.003265,44.631111,30.734064,47.037563,85.492409,35.125546,91.938248,70.586388,79.408661,9.314809,22.183474,112.983025,46.198277,29.765764,19.986212,57.85006,61.295227,68.616051,13.667727,78.601921,57.717949,74.517799,39.833511,45.844589,58.192486,37.750683,26.756983,45.47583,43.959465,105.234497,48.218292,44.452507,60.804104,32.699913,57.77673,233.506973,15.882605,65.521545,32.040867,75.417099,52.304283,34.892216,89.459465,79.385719,67.405174,28.515182,40.914745,31.164164,49.955517,43.365475,41.92741,71.202454,111.607597,43.493744,14.665165,66.078835,94.05764,87.362091,20.020363,87.080452,41.079357,35.271847,50.909584,25.510906,49.077671,29.019285,36.983566,66.601974,48.569916,39.712929,26.45536,38.444221,30.357607,47.856812,69.648048,66.982643,30.104258,47.642929,36.75,88.06514,23.911961,30.456839,44.537384,29.674715,32.015099,14.70185,102.338486,108.936989,21.029655,104.797508,13.57,49.390301,70.926926,10.93814,30.777653,12.515419,68.014503,27.755514,65.221817,61.276009,92.038254,19.128056,14.04
"57",17.939,30.877394,23.592583,78.091309,176.475098,122.704567,58.71666,82.828079,24.013666,75.102631,43.364208,27.39934,46.05838,87.168549,33.406719,94.906601,74.663673,79.66597,8.808889,24.873001,113.307594,47.258835,30.169436,20.840946,58.462276,61.904408,72.060677,13.367358,76.773972,58.756168,77.98938,39.786137,47.103695,61.69379,37.97123,27.441034,50.896603,46.950974,112.004929,50.062115,46.623528,68.022369,34.213715,59.116001,247.063293,17.863731,64.113525,32.710632,80.548546,56.151154,36.081139,95.098473,84.821762,68.31031,28.506752,40.301628,27.957443,53.212727,43.81456,43.362396,73.807365,116.284508,45.192867,15.76763,69.792618,102.310623,91.744499,20.928392,89.90229,44.593342,37.017296,54.453556,24.549936,50.500214,28.847092,36.837238,71.463615,48.97953,40.418774,26.835232,40.607468,35.103096,48.035046,71.292908,67.149475,30.480324,50.937038,41.169998,95.43734,25.991262,31.709141,46.774269,30.952215,32.43354,16.067289,105.137901,112.117081,21.137917,107.888878,17.469999,53.433338,72.981705,10.685072,30.667072,14.225176,68.146927,28.610832,66.49794,63.957378,98.13089,18.485722,16.5
"58",17.6404,34.1474,26.933895,81.561409,182.112854,117.302132,60.776737,87.852509,24.312204,83.556038,45.990704,26.580284,45.591663,87.449417,33.498257,99.755356,72.762245,85.1063,10.227377,25.690031,134.216324,47.468849,29.630102,22.250347,59.202423,60.814148,78.290169,13.532029,76.893837,63.111416,78.321045,43.148754,50.740067,65.616013,39.230198,28.613813,56.04303,50.713184,128.583344,50.008148,49.518921,71.147415,37.98428,61.280373,253.916992,17.806658,70.2929,35.039223,82.735786,61.916759,38.234978,99.466309,74.070358,70.887184,30.922108,44.112022,29.541365,54.527805,47.729359,47.869698,77.491058,121.563118,47.431831,16.866585,71.315414,109.839005,93.845055,21.478453,101.463318,47.095009,37.373363,58.702461,26.189054,54.722198,29.568918,33.999809,73.824814,52.700932,43.762238,28.725546,42.957363,36.610832,48.312088,73.210342,68.576225,31.627333,54.498074,39.900002,102.433762,28.004404,32.14064,47.215275,32.142685,32.786884,15.7119,109.10218,116.314133,20.50178,110.53997,17.68,57.28875,73.815514,11.753579,32.629837,16.824005,64.958939,29.972185,63.313145,69.07457,99.014038,16.999395,16.91
"59",17.2912,35.679596,28.007675,83.659851,177.780273,122.8125,61.191757,82.884323,25.581097,86.316841,45.999825,24.210876,46.412006,88.95327,34.810314,103.038467,76.463577,87.597496,11.477995,25.12368,136.837204,52.700184,29.22353,21.880424,58.794548,66.856766,82.118538,15.324029,87.352112,62.230885,83.722496,48.77396,49.788437,67.481468,40.739101,33.026642,56.297871,55.331623,136.141296,51.728279,47.697315,74.74041,37.554054,65.355934,244.330261,18.893766,75.21711,36.018665,81.771332,66.02858,40.179726,101.879967,76.224388,74.82177,30.076447,43.334759,30.637213,56.865437,48.919991,49.880871,77.424255,130.369415,45.240326,17.927317,70.788513,111.32505,93.690102,20.628405,106.925056,46.449123,37.373363,60.863747,25.682585,54.645931,30.748384,37.658073,74.565033,54.477207,45.415398,30.076664,44.504955,38.244205,52.412373,75.823318,71.765808,34.155796,55.47617,45.25,103.564392,28.827707,33.858006,49.250088,31.849508,33.686432,16.343977,107.613937,117.759781,19.311295,117.798462,21.1,56.72691,72.166626,12.00178,35.402756,18.1625,70.878136,31.70026,72.732399,71.802338,106.991432,16.906199,17.92
"60",16.9599,35.810394,30.980394,86.363129,178.236801,130.801437,64.105652,84.768593,26.988197,85.937004,45.525505,22.645819,47.132858,88.642654,35.628937,105.378082,77.287857,84.756538,11.804179,27.674696,131.969864,53.860657,32.34964,23.826166,58.187565,66.526985,86.837006,15.091578,87.382088,61.385841,81.848892,49.049519,53.078049,73.989708,42.016247,36.557716,54.624149,59.084114,141.269333,54.251133,49.042332,77.122581,40.493069,66.398949,241.961975,19.188719,75.886673,36.423534,82.456711,69.753563,41.317299,105.114403,76.045174,73.102066,30.033737,42.915558,31.296576,54.117973,50.564362,50.983772,79.461716,136.801849,47.212681,19.519749,75.313232,121.527962,96.835838,20.408298,108.756485,48.896839,40.507458,61.686493,26.93062,54.981007,33.26992,35.92086,79.178719,54.118172,46.89156,30.669085,45.358475,38.121651,51.610146,77.773224,72.353371,34.702591,59.063644,50.32,101.032127,30.784382,36.707489,50.753559,32.481464,32.994755,16.625771,107.613937,121.864494,20.38364,111.778465,21.75,61.870815,75.96154,12.632461,34.734253,18.446636,71.931656,33.12616,70.794243,73.823982,110.031342,17.725574,19.639999
"61",17.7838,34.441658,33.545094,86.230804,178.003677,117.82058,60.232643,82.379158,25.243391,82.436157,44.137997,21.239674,49.914619,86.029877,34.98859,103.117737,76.414543,81.869324,12.234497,25.756742,127.881302,51.320583,33.959995,22.522888,52.090149,66.48539,81.581978,16.235321,86.213387,62.81797,82.515251,45.78046,49.760078,70.319275,41.960716,35.304653,54.538563,55.397282,131.001099,51.344658,46.073853,72.963394,36.835629,62.94751,222.12529,17.890667,67.713928,37.11277,75.927811,67.304909,32.859322,96.12133,72.944557,69.376823,28.841608,42.393173,29.749613,45.814346,50.104328,45.883045,72.271866,138.872375,44.271862,19.471834,67.527588,107.102188,91.083557,20.601992,109.648476,44.289284,42.906178,55.520748,28.191832,54.185848,32.329887,35.179733,74.272423,50.308884,46.032021,29.247278,43.105347,35.31488,46.98481,72.587715,74.916893,34.90057,57.900486,51.25,97.417953,29.350121,35.515305,48.805244,33.990559,30.648672,15.329524,112.207901,116.887947,20.063143,105.523682,23.040001,56.998028,73.382431,12.011192,35.133499,20.512583,69.046745,30.543638,63.19236,71.029518,100.97406,16.094341,20.02
"62",18.074,37.372864,34.305298,89.695396,195.27066,135.988327,60.008785,87.876724,26.137403,81.511589,45.985504,22.871983,55.589703,87.665695,35.603325,109.889244,81.84021,85.860428,12.60575,27.833746,142.259201,52.674053,34.639359,22.941504,57.954483,70.747147,87.588837,16.022081,79.500908,63.746609,89.283638,47.782108,54.070293,78.260574,43.250038,39.481541,64.931572,55.529968,131.010925,60.571316,47.812672,74.826195,38.104866,63.917202,242.56015,19.7423,71.608215,40.390266,83.687935,71.549469,32.738529,108.096451,78.259903,69.395401,27.638433,42.004734,26.577192,50.509991,54.510612,51.525017,76.618324,150.599228,47.848804,20.113869,73.565758,114.372711,105.10041,21.034588,115.441742,46.020554,44.598808,59.635197,29.341763,56.772511,33.196194,40.417889,77.690819,53.837948,46.545876,30.765514,45.415741,38.073353,48.17355,77.480415,76.698845,35.618275,64.183449,52.48,104.404068,30.644991,37.642372,50.337914,36.299114,31.492151,16.737488,117.586769,122.183144,19.962414,109.990059,24.190001,65.112869,82.296379,12.449763,35.836609,21.971472,73.813522,32.990921,69.713928,75.780983,104.262466,16.265747,22.469999
"63",18.2735,36.17971,37.607254,88.0998,192.007706,138.84938,61.42487,92.128822,27.325897,82.193344,47.630802,23.192081,54.890285,90.319153,37.962894,112.189011,81.219307,91.555252,13.71757,26.000254,146.028824,56.280212,34.368423,23.914387,56.073322,72.946136,86.389389,16.681465,83.678627,64.052399,91.457626,48.296814,56.001717,77.543922,46.343323,39.093735,63.096859,58.906956,130.396774,62.043285,48.160675,74.864723,40.723404,63.883514,240.31546,18.778435,73.037003,43.378376,83.240288,75.919189,35.195454,109.358879,77.027306,71.460632,30.3564,41.995903,29.038391,50.904526,53.774776,51.954704,79.594284,151.471466,46.76807,18.433788,77.202507,113.575752,103.800056,21.070166,117.683235,46.635628,44.342949,58.849247,28.183672,58.956806,33.297569,37.00893,76.989868,54.982014,47.617188,28.451214,46.49078,35.914406,47.153214,75.171173,81.594513,37.612823,62.602612,49.18,104.899185,28.53582,39.374825,51.110744,37.383617,33.391079,16.189646,116.942047,123.357544,20.530153,105.168571,23.66,60.094456,81.477737,13.461247,38.343578,23.158583,78.605362,33.49366,70.946716,75.373718,107.816223,15.122297,23.02
"64",19.0412,36.611969,39.360504,88.232765,194.647278,140.582779,62.693821,95.955719,26.61846,85.372826,49.122223,24.567379,55.114094,93.405647,37.555302,108.308197,81.471802,94.407318,14.014304,25.595177,135.727936,52.222435,35.715038,24.729755,57.222408,69.736397,84.106712,14.683568,79.990883,66.993301,94.182137,46.391247,57.057816,76.836945,46.250149,40.69569,64.883797,58.154911,134.026566,58.860161,51.165302,72.909546,41.042511,64.462318,241.970428,17.04447,80.296616,43.392887,83.64212,78.066055,34.414505,111.787361,81.43618,74.527374,31.307514,41.713772,28.783894,48.60006,55.128708,52.020092,85.625328,152.30658,44.077957,17.665312,81.593842,120.378334,102.47464,22.021835,115.899582,47.752151,41.367756,56.452583,26.5313,56.608246,33.845867,36.500919,80.681747,53.951927,45.728291,27.679779,46.742249,35.471916,47.460304,75.532166,79.281334,36.166538,60.764454,48.02,101.645073,28.73624,39.463257,51.885452,37.483429,33.983322,16.454123,105.953247,122.96196,21.342863,108.935356,26.120001,56.165951,82.385033,12.89406,37.791672,23.707876,71.942268,31.646053,72.805428,73.640816,105.304115,15.357046,22.450001
"65",19.1524,37.812206,39.859375,88.905586,199.842194,143.127457,61.749374,98.30854,27.88298,84.356262,50.891808,22.647898,56.287003,94.204994,38.391125,112.783112,80.733025,95.224831,14.200821,26.179241,146.184509,51.839954,39.771835,25.530996,52.986824,75.690102,88.022011,14.683568,89.724907,64.629372,94.889557,45.865269,62.897301,81.359619,47.652046,39.024082,69.036552,59.992184,141.80748,58.497013,52.070541,72.513802,42.405983,65.884521,246.802917,18.071039,86.616707,44.819645,87.083893,82.784729,34.411671,113.449265,82.867882,72.222916,31.105814,44.597046,30.472624,51.460468,59.348324,50.551556,87.680489,153.108109,45.201271,18.789206,82.684937,119.276848,104.610992,21.670507,116.61647,46.718678,44.324707,52.988239,27.800919,58.735146,34.86784,38.293457,81.931305,60.213711,47.645386,26.575748,47.652256,37.515518,47.133331,76.216148,80.441681,36.412659,62.133499,52.369999,106.06485,28.106741,40.563747,52.810242,35.704983,34.646374,18.150091,110.577019,124.553734,22.737398,109.59008,28.59,57.964897,83.415207,13.004739,38.566978,25.944284,76.342781,32.30336,73.108032,77.082253,115.910629,16.651945,20.370001
"66",19.1431,38.65332,43.608086,88.714699,202.088608,144.400284,61.406986,111.882401,29.220224,86.031715,48.677509,25.198717,58.459118,93.56414,37.566479,113.878632,82.662926,98.190636,14.344948,29.699476,141.34166,53.75235,49.743565,28.876566,54.097721,79.135437,91.263916,14.916226,91.913567,67.45713,100.06337,49.193275,70.963997,83.035042,49.322403,38.117424,71.167839,60.220692,149.123535,58.00769,52.681522,74.271599,41.622784,65.952484,242.88649,18.910557,89.012688,45.688091,90.296448,84.024727,34.53574,114.658539,83.745193,70.623611,31.009348,43.677612,28.000851,52.909412,61.62944,49.939667,95.219353,150.376205,46.074959,19.415218,86.260551,119.753082,112.827934,22.946301,114.774399,45.781982,46.16787,51.723141,31.488255,61.362492,34.793514,38.609241,83.282104,60.098701,48.49704,26.622063,49.121544,37.827698,46.667645,77.359383,84.007645,38.066051,66.553101,56.380001,108.428528,29.748219,39.125385,53.456257,37.473995,37.72731,18.520308,112.845955,125.730202,22.94981,108.777748,32.950001,60.545204,82.877563,13.612703,39.282928,26.406347,78.743599,33.113087,76.786598,78.28772,118.65976,17.463049,21.26
"67",19.4177,40.019791,48.001106,87.645737,201.424438,130.455353,58.899258,102.814194,28.376148,82.429001,46.822578,24.673742,57.415379,87.824348,38.8083,111.895615,77.974297,93.939018,15.166972,31.036951,147.713043,54.175076,48.393372,31.670771,55.6287,75.87764,84.888428,14.799769,89.984749,65.584076,96.906403,50.254066,64.61972,83.170624,47.764656,36.206074,66.022018,58.567013,144.690613,57.490673,50.171959,70.379341,43.783661,67.64122,224.622467,17.717997,91.570137,42.039642,85.967712,82.155182,31.389679,116.283806,83.392357,69.221863,31.61479,45.49231,28.655893,52.287056,60.233238,47.423714,95.306015,156.214249,46.162617,16.997946,81.338158,109.485535,115.749077,21.850195,118.266655,46.683681,45.625824,51.859383,30.182508,59.704052,33.41713,37.44939,78.345673,61.248833,44.674053,26.751745,48.387371,37.622826,48.47073,77.254272,78.314995,36.156097,62.651215,53.349998,105.692009,31.178514,39.103748,51.62262,35.246456,36.621578,18.710161,121.445007,121.281754,23.478622,111.362419,30.549999,55.371483,74.746361,12.862247,40.658302,27.802364,78.069344,32.858364,65.924339,79.874481,107.949745,18.042608,21.02
"68",19.4195,40.133808,48.734352,91.322212,213.585358,136.546295,59.650925,104.378899,29.467997,84.070557,49.838268,26.833067,60.247192,87.795525,38.958984,112.790855,82.60643,98.013832,16.184917,32.023453,146.931091,55.847206,50.794662,32.850395,56.582336,80.379601,86.383621,15.61497,94.541946,68.032997,97.48214,52.796028,71.118011,87.044426,48.608955,37.828728,58.419807,61.291283,145.675705,58.196667,54.110043,71.566261,47.276447,69.446434,236.260651,19.992374,98.667633,44.955494,91.264267,86.537285,30.901098,121.301498,87.25444,71.496071,31.055157,44.950951,30.62462,57.90202,63.154541,49.996651,97.347321,164.027267,50.658283,18.509945,83.715103,110.462486,116.854385,22.537308,122.729515,50.494972,44.273434,58.19672,31.497648,61.744469,35.420849,43.088741,83.900345,61.556675,45.878399,26.391062,50.608025,38.431183,51.186123,89.341682,80.392387,36.373756,63.035633,53.639999,111.817535,32.341801,40.207443,53.394268,36.65815,39.613285,18.628042,133.515152,124.509247,23.255281,114.716362,32.599998,57.768349,78.247429,12.990741,43.064022,31.530746,83.492294,34.715202,68.802589,81.053543,110.393387,18.630936,22.26
"69",18.9178,39.51622,47.208652,89.298798,214.447113,124.191162,58.309204,96.810379,30.564348,91.130211,47.102673,22.853975,61.469952,88.816612,37.553955,110.071716,83.121368,100.716225,15.171938,28.309875,141.259338,56.589333,47.765053,32.756325,59.040798,79.273689,84.444695,16.597633,90.634354,68.750198,92.439896,51.395554,71.589249,86.221245,49.015289,35.846951,57.213184,63.372021,159.25119,52.702217,52.259083,64.689552,48.452194,69.512749,241.490631,20.375698,96.983063,43.910175,85.200691,86.182861,27.460672,117.54451,85.153648,72.414635,31.303885,45.10434,31.423523,60.740448,62.336788,52.218304,91.049278,172.304047,51.053825,17.051523,76.531631,109.171371,114.852585,22.201607,127.109261,50.797974,43.039501,57.767151,29.309052,59.907124,35.533203,38.924583,80.756516,60.774441,42.561199,26.110704,49.883694,43.641773,51.354591,88.102821,81.179718,36.325996,58.044476,55.099998,112.096031,33.200516,37.06094,51.260452,35.488876,35.717518,17.473923,134.549698,122.698875,23.601301,118.733521,34.259998,52.258911,77.071106,12.723481,43.945591,33.264397,83.431396,32.906219,68.37513,85.409271,107.396111,18.040087,22.59
"70",18.6399,41.636528,49.174454,92.17569,224.797836,137.553146,59.688198,93.925781,33.967804,95.120964,48.912125,18.60046,62.872818,87.804893,36.701054,124.472626,92.001167,101.840652,15.347312,30.055984,162.545181,57.197571,47.90313,31.994328,58.230732,80.989937,87.027954,16.704716,99.508904,75.536034,95.592575,52.69207,71.53154,88.497108,50.168148,41.364925,61.991409,64.955605,165.120148,60.522305,51.82375,64.253693,44.56464,77.936119,236.836441,18.873451,103.961998,45.102589,78.802887,84.746002,27.836969,128.281555,89.805016,72.225235,31.356831,45.846485,32.909153,65.401627,63.479675,55.031021,81.869057,179.647583,55.425671,18.528809,75.683716,121.489609,118.80513,22.274191,133.090424,50.592091,42.936211,61.81876,30.537746,66.238457,36.363506,35.562931,87.098801,64.543396,44.658279,27.157373,52.103809,45.486279,53.059311,93.653664,82.424622,37.386261,61.944351,57.540001,108.581749,32.158482,37.923435,51.96397,39.201641,33.636612,18.494507,155.355743,119.835899,22.944927,126.360428,33.09,52.962212,76.966301,12.599396,44.504864,33.963764,91.905121,32.17907,68.647644,86.020836,110.310532,19.045298,22.299999
"71",18.7552,42.515297,50.821564,95.517197,240.336731,137.768417,59.834957,81.825661,34.935242,97.147667,49.655785,18.243521,65.039223,91.49192,38.197563,135.720627,97.402962,102.950912,16.707525,31.05785,165.895813,56.894939,44.658386,35.272076,70.239662,85.63279,89.417717,16.5879,102.826866,75.109047,97.540092,54.491455,74.753616,89.591461,51.822132,43.147812,66.562668,72.144096,175.753342,62.303493,53.013653,60.230076,50.18198,81.614685,236.771744,20.694948,114.979759,47.234344,70.686005,91.867424,28.612741,131.89325,90.572258,82.897568,31.842844,46.156693,34.988129,73.687706,66.211929,56.628479,70.401016,182.028015,61.85001,20.884737,73.704247,124.013817,126.895454,21.92701,136.63121,50.189674,44.963371,64.768539,31.794792,71.787483,37.98637,37.167908,90.810425,68.173241,47.19384,29.354589,54.231281,48.578384,53.495441,95.459129,83.455048,37.718605,65.602905,62,106.356026,35.199406,41.186504,52.739113,39.914566,27.658892,19.444027,158.959137,122.109161,25.91736,135.000244,35.950001,53.606899,79.005264,12.947536,45.605919,41.193871,95.406822,31.948257,73.827515,91.74839,114.980324,20.139172,22.809999
"72",18.8375,43.002445,46.412521,96.336716,258.180908,136.396606,57.939011,81.691765,34.686321,99.623672,50.201763,18.763725,65.869873,88.552765,38.621849,135.171906,101.564499,99.451057,17.23493,30.65159,165.17215,59.183601,39.255356,34.363049,72.052612,87.193504,90.017578,17.466269,102.846855,77.560074,98.168076,55.49218,72.018608,92.377846,52.145546,41.962681,73.926178,72.196281,171.486755,64.171432,54.308933,58.908688,49.534225,79.910645,245.647797,21.550112,106.713737,42.890934,75.093994,89.299522,28.068602,133.267441,92.655045,81.77993,30.2318,42.680569,34.758198,78.834007,67.297852,52.601357,71.528938,182.987778,66.665848,20.801891,68.659164,123.93692,127.912315,21.459892,142.894165,46.254128,43.242756,67.137634,32.018372,70.456169,37.726784,39.523758,91.045486,70.87838,49.805054,28.694937,54.854187,47.177376,53.634212,101.289757,87.042465,40.22422,63.030556,60.060001,102.354286,36.924957,43.672649,53.274139,43.119099,27.056366,19.904015,153.17041,123.858284,26.086142,134.648788,35.009998,54.207901,72.66172,13.331166,44.308617,41.745842,98.155136,33.544708,69.622452,90.106361,114.558403,19.807249,24.26
"73",19.1269,42.980404,46.001011,94.254173,266.25885,131.940567,53.443172,78.803238,31.881161,102.714844,49.785889,24.968662,68.743744,87.361984,37.051468,134.122864,88.574692,95.237915,15.51702,29.768425,169.75563,51.759476,38.31197,31.28562,69.869484,90.380821,78.298462,14.791167,106.76445,80.902382,102.768494,48.269329,73.381279,89.209984,49.387024,42.411106,71.549286,66.865906,166.993698,56.717312,47.385784,52.068554,44.418865,79.105492,227.288528,21.320415,113.268547,43.393871,74.525734,79.624207,24.395649,129.339783,90.311668,80.922905,30.049112,42.197716,34.176918,77.085175,62.519779,52.942593,65.395393,178.99675,65.886497,19.958572,67.050858,111.932487,129.136185,21.148481,152.162552,41.16193,45.273735,64.553162,32.588772,69.675499,37.232502,38.863342,89.49762,68.030388,50.179455,28.553581,51.785046,45.263786,46.54705,100.759033,81.111412,36.8834,63.844734,54.009998,101.619827,35.742271,40.791927,49.241947,42.324577,25.44006,19.10862,146.410492,115.283035,24.896545,135.826675,29.27,53.688744,67.901253,12.458406,38.537525,44.567039,103.165329,30.02655,69.469971,85.099319,113.608528,19.120249,23.049999
"74",19.7549,45.486637,43.551819,99.588371,280.584839,135.333801,54.806805,80.966042,32.996552,104.572586,51.028637,26.140154,67.475052,94.279373,36.440182,142.515244,91.567207,98.174347,14.962995,33.982662,167.879715,58.326969,42.836731,31.710299,73.422539,97.989662,79.171783,15.435535,121.555359,73.622566,118.090302,55.667149,73.737457,102.077568,52.460529,44.154987,80.943039,73.892754,174.765213,60.646179,53.64959,56.557709,45.883404,85.153664,229.355469,22.479136,124.683365,44.770836,72.550797,90.753838,24.202629,144.015472,94.83448,79.923027,31.546093,45.650345,33.742832,85.982719,70.920334,60.076157,72.749832,191.497726,72.041473,21.868158,69.34964,118.540932,138.474869,19.251633,161.324951,44.349266,46.551422,67.37104,32.465187,75.715988,37.061409,39.250183,95.04496,72.138199,51.40826,30.882236,54.789867,47.791534,51.9701,110.726868,88.230484,39.551048,64.629829,64.239998,113.14595,38.270771,42.671337,52.369358,39.641903,26.840967,21.484858,152.463654,122.271339,27.861094,144.568939,30.67,57.89098,71.32074,13.42177,42.126156,42.653362,110.33107,32.443371,77.956688,95.695076,115.967743,19.53653,26.040001
"75",20.3753,44.487988,38.045265,101.070862,279.896179,131.917862,53.576683,80.273369,31.852106,106.257065,53.694382,21.577526,69.85981,92.887589,36.376938,140.036972,89.388527,96.345123,13.447361,35.796902,166.103058,57.660706,44.734726,29.821987,78.430138,104.860252,76.057999,15.072467,129.403,71.963593,114.151894,55.493309,72.338295,102.871979,52.087112,44.195477,82.501877,72.89814,163.56839,59.784538,53.244606,55.738594,45.42342,82.561546,228.290543,22.916874,120.771843,44.270126,68.642525,91.622856,21.011782,143.849197,92.449562,78.793671,29.802662,44.893353,35.23801,88.257248,69.862114,60.963032,66.001602,194.28334,72.333176,21.629324,66.529449,114.763153,134.879944,18.89975,156.700653,45.177509,50.651909,68.754974,30.680885,76.406639,36.147167,40.882465,93.86293,72.039536,51.128029,30.967705,54.019402,49.371136,51.077827,110.190933,89.458572,39.637871,63.672035,58.639999,112.327431,38.056477,42.018902,54.144108,39.84454,25.154978,21.31144,154.522675,116.069511,26.190645,149.035065,27.129999,59.537079,66.719223,13.643378,39.061562,43.75835,115.240051,32.607712,75.659607,95.038361,108.840477,18.14661,28.559999
"76",20.7295,44.802456,39.517605,97.786125,273.501343,131.55629,55.667896,91.019455,34.708408,102.824089,52.914227,26.32836,69.109764,92.039169,36.504391,137.384262,86.184776,95.004333,14.228482,33.132404,165.546799,60.611763,45.265282,31.042713,75.333839,105.439384,75.405678,15.601325,124.60437,72.704041,111.575203,54.749973,71.424965,106.628296,52.757347,43.846535,80.79689,70.110374,167.641541,61.87709,54.702297,58.644489,46.841702,81.501091,240.508118,22.814734,121.470673,44.21133,75.318718,92.076675,25.894608,146.284836,95.687614,74.770164,32.073719,47.089935,35.106438,83.642677,72.601616,68.685509,74.783012,178.622726,67.169022,18.778496,72.882088,115.32354,127.880943,19.418312,149.96376,46.441681,50.840313,63.346836,28.930153,72.938507,35.476532,37.604305,90.423035,67.770264,53.717766,30.170008,54.355049,48.63792,52.862377,103.760468,88.492607,40.033379,68.199181,56.830002,109.970505,37.140862,42.625481,55.317295,38.654869,29.962458,20.078226,152.647324,117.213486,27.427399,141.107529,28.129999,61.01004,73.423897,13.922797,46.727848,40.064079,108.527702,33.185982,83.053078,98.594772,110.213799,19.357937,28.790001
"77",20.5077,46.906494,36.889282,101.45649,284.176086,129.684021,57.517551,87.32518,32.945866,104.33593,53.688725,27.073782,76.394463,92.242844,35.649776,137.033173,86.779488,96.603935,14.414053,34.551537,169.263611,63.026268,45.185696,33.101913,76.307388,116.390793,77.615768,16.159565,140.789749,71.726814,115.746513,55.253952,71.697777,108.246552,53.943832,45.082775,83.960648,68.174423,171.250031,60.38102,56.95686,55.026604,50.914474,82.436226,233.777832,23.314264,126.978035,46.190865,73.522728,88.844528,24.085541,152.521317,99.313477,71.598045,31.981131,46.156353,37.495422,80.984375,70.334709,69.985672,65.661232,181.577713,68.26152,18.661739,72.952171,116.960236,130.84996,19.099066,155.749802,44.958893,52.298279,63.38895,30.355614,74.770546,35.601078,36.361584,90.664597,65.476967,59.824913,29.149082,56.358521,50.167118,53.66666,108.066841,92.312851,41.404289,71.801414,54.150002,112.59259,38.690556,42.498447,56.263733,37.984497,26.395731,19.78863,151.796921,118.107513,27.884047,140.653778,27.93,60.60743,73.95372,14.119316,45.310394,36.596992,117.110542,33.963173,87.062744,102.348701,113.134521,19.124989,29.459999
"78",20.0642,47.36977,32.905239,99.28521,271.198944,125.512711,52.863503,83.378281,31.563454,100.808311,53.277573,23.239943,80.838699,91.415901,37.426647,138.738754,86.466461,94.01857,13.020683,31.131502,169.641235,64.923386,51.376976,29.221132,78.529648,125.753746,75.951668,16.718832,161.95369,66.886932,106.709282,57.395882,68.209618,111.944016,54.213745,44.514549,82.591309,67.814201,168.692963,60.618515,60.202454,51.884739,46.454044,77.804466,230.198151,22.969761,122.250961,49.251251,73.827888,84.695541,23.97356,156.300003,102.548569,68.378204,32.888527,43.514313,42.457909,80.713158,69.502464,72.566597,65.27594,179.358643,65.325432,19.688911,67.901634,112.978363,122.695946,17.842672,155.21167,42.221714,52.209015,65.151398,28.554186,72.963974,34.864162,36.209797,89.158836,67.153549,59.241638,28.038641,54.877697,53.300404,54.817795,108.35807,92.274261,41.734123,71.416824,50.080002,111.358528,40.237007,39.381176,57.531792,35.96109,25.764719,18.674187,149.135178,115.60006,26.12405,133.226028,18.84,54.633175,79.221786,14.545414,42.690014,32.751713,119.357803,34.730648,87.03376,99.027153,103.577477,18.166975,29.950001
"79",20.2903,49.159966,29.127777,102.284119,273.900879,123.924545,49.353893,80.118217,30.239044,109.245453,56.084702,17.081755,81.826309,96.021797,39.491074,149.022949,85.906303,96.671463,13.241961,28.277538,195.693802,66.090309,46.981419,27.809067,78.741295,111.702644,74.32943,17.563614,144.018814,70.296631,112.860512,54.772751,69.92276,118.375771,55.785015,43.586956,94.51442,74.961235,169.702759,61.596996,62.442276,45.757626,45.683338,77.358368,222.47464,25.966633,118.225639,53.297348,66.641609,87.749115,21.659256,161.747208,102.792175,69.390434,32.594589,44.196819,43.035252,75.996338,67.213783,76.836815,57.5947,199.812683,67.938431,20.245869,61.98999,109.501511,127.789223,18.133329,169.281784,42.28878,52.556137,68.745209,32.059658,77.188202,35.066975,34.813919,86.905342,68.785065,59.154144,27.895048,56.381866,56.853107,58.06245,114.110909,95.219238,43.014671,72.149857,50.580002,114.057053,42.360924,39.174976,60.881718,39.20599,20.396259,20.641418,171.546249,110.368805,27.245707,143.326981,18.51,52.63488,75.910385,14.371101,45.155685,35.829918,118.770798,34.993763,85.171822,104.192154,99.010315,17.768475,28.42
"80",19.7632,43.922962,27.97455,97.1297,252.881012,117.375008,45.951885,75.341286,26.650745,108.49398,54.687641,16.982269,80.214996,92.172783,37.885021,138.121719,80.633133,91.355011,12.174622,23.093809,192.847702,61.818016,43.149857,27.642973,75.289879,113.235252,74.974419,16.050865,140.749741,67.905685,106.963142,49.394676,66.924942,100.501022,51.744186,38.699631,84.987312,70.429916,149.101227,56.234856,58.761177,44.857967,43.600986,74.982437,218.474106,25.809198,110.399551,48.228664,69.309181,79.839134,22.238817,157.310562,98.923706,62.827358,31.149693,43.460045,40.710606,79.478745,65.430725,72.787125,58.024147,195.528671,67.752327,20.216557,60.374207,105.218269,125.11705,17.684793,160.994614,41.47443,48.345291,69.445343,32.762676,71.181725,38.5051,31.311535,82.106949,66.024315,56.814228,26.373173,52.285084,55.1409,53.116318,113.555122,88.372147,39.405643,69.207954,46.75,107.488014,41.427422,36.37957,57.768951,38.452026,16.989981,18.411074,148.130753,102.256012,24.810658,138.528091,16.41,44.533421,70.159012,13.378145,42.358341,36.392284,113.194244,32.74807,77.417458,84.47081,94.890152,16.125727,26.290001
"81",20.1147,39.005993,28.596207,92.648453,220.229202,104.678268,42.533417,67.161537,26.183531,112.749031,54.080647,16.012907,81.520256,95.577606,32.467594,130.507065,80.664612,90.742599,11.181581,21.866617,185.404083,58.799446,33.450737,29.192682,76.210297,108.182579,72.443344,15.353586,134.9814,68.892052,101.361916,46.156158,81.59948,100.816696,49.823059,37.561291,81.599594,66.624336,142.777832,49.750248,55.599262,41.64259,40.170277,78.421928,210.231461,24.776045,107.991051,47.794193,63.480473,72.11528,19.989307,148.616486,95.031204,62.93412,30.567984,41.098598,39.567814,85.38044,61.747696,70.396339,49.083729,201.486481,67.507454,18.508612,55.72554,95.093231,115.146103,17.133924,163.167542,36.327019,45.643993,70.531662,35.060188,66.272797,37.928192,27.198376,80.487617,64.964378,55.337135,26.382835,50.815693,60.831062,49.272636,113.182716,86.51004,37.326527,61.939602,44.139999,108.383095,39.047775,35.428146,55.86639,40.775257,15.132774,18.654865,134.99437,99.183372,25.165369,142.998978,14.98,39.414574,63.022728,12.667371,43.078587,37.72105,113.98848,31.322544,77.592148,87.426056,82.928062,15.322982,26.33
"82",21.1924,43.70005,26.435211,101.053246,263.774811,99.790451,45.480038,76.110573,26.271133,119.752884,56.434155,19.390863,79.455215,108.886497,36.954746,140.207047,88.323326,98.208092,11.771005,26.407923,185.678864,62.409767,35.801819,32.795761,74.77639,113.74939,71.86412,16.536148,134.001678,68.441963,113.92662,52.254372,86.59256,112.2005,52.530098,42.081818,83.15107,65.950378,154.747055,50.207989,61.7052,47.011387,44.250298,84.892021,205.332809,28.637306,116.998459,52.371387,71.531891,69.914032,23.330351,163.336349,103.850349,55.557514,31.890518,44.857052,39.852768,90.922165,68.001884,75.416725,55.113789,213.6548,72.596115,17.978952,62.791126,102.325394,125.435059,17.618307,184.602036,40.922314,51.360485,72.279648,36.086811,73.18322,40.14724,26.192293,89.904411,63.263451,63.55407,26.77906,54.560154,64.818199,52.856712,121.169891,88.038582,40.528175,62.646473,55.189999,118.883568,41.722416,38.247463,57.461155,42.135395,18.061064,22.360485,154.376862,108.17083,27.880989,156.401718,16.559999,45.954033,70.277351,12.092909,51.234901,45.901875,115.727631,34.022827,69.274117,96.294693,91.144142,16.212299,28.51
"83",21.1331,43.817101,27.797029,102.299988,273.59671,97.736656,48.625408,75.615967,27.845436,122.070557,56.094246,18.344593,80.419708,111.607544,37.21172,147.811584,88.196808,99.137695,12.056147,27.589636,186.147171,64.770164,33.187489,33.914391,70.793594,101.827408,70.274986,17.176702,134.941406,65.686432,117.804016,53.699646,90.859749,111.934158,53.829033,42.580772,82.877457,63.19593,157.216263,49.77943,62.214027,47.996784,35.627602,84.179634,197.178223,29.535925,116.319366,50.576023,72.539513,64.643578,23.967247,170.124542,106.966446,57.110485,32.042786,43.488758,40.226238,90.882553,69.045654,71.745522,57.84938,214.571564,75.319817,19.106928,64.635612,102.896767,123.548744,16.330091,184.018402,40.099998,52.872257,69.923203,35.53476,74.589066,40.001247,25.720795,91.899246,54.981628,64.885307,27.420748,54.129467,65.436554,53.771294,131.205322,93.15937,42.618408,61.949417,63.470001,117.708069,44.10273,38.375481,60.046463,42.212566,17.256502,22.545563,158.022537,109.835899,26.334728,160.078537,15.93,49.865852,70.744766,12.837957,53.255814,45.495312,110.745979,36.016083,70.837204,99.032417,93.040939,15.525881,30.43
"84",20.7379,43.80735,29.311611,101.926018,257.274261,85.700943,46.515064,68.363106,25.41643,124.555183,55.997131,17.94924,82.595871,115.498558,37.820541,152.243362,84.155258,100.586967,11.498892,25.045712,188.757736,64.138786,23.890587,33.602268,70.901009,107.149193,68.224808,16.632114,146.288177,69.205345,117.993706,49.080635,92.725716,104.322182,53.106106,41.94252,83.991959,61.157455,147.99762,46.778595,60.907185,46.633915,35.81311,83.187538,199.193863,27.94606,103.497688,49.130993,65.591209,55.695797,26.19429,169.403168,105.110107,59.996532,32.747025,44.225533,41.435085,91.273094,72.337814,66.120926,47.772835,212.603638,74.76918,17.565775,60.133678,95.346153,118.148003,17.688524,186.437607,39.350735,53.280037,70.23024,32.436852,76.153313,39.903923,23.767439,91.162964,48.634964,61.639076,27.859713,54.276291,61.985157,51.44508,130.18158,92.964287,42.049114,60.930519,60.93,113.328362,43.529968,35.972706,56.619198,42.114288,12.40773,22.82003,159.229034,100.359398,26.247751,160.157867,14.16,46.697151,66.16893,12.916297,54.363068,42.763645,116.08934,32.687443,71.364746,95.375534,96.326111,16.651865,29.639999
